Sample;CLUSTER;IWS_F1-M0;IWS_M0-M3;MOYDAY_E1-F1;MOYDAY_F1-M0;MOYDAY_M0-M3;MOYDAY_VE-E1;MOYPTQ_F1-M0;MOYPTQ_M0-M3;MOYTMIN_S-VE;NBDMAX1_E1-F1;NBDMIN1_E1-F1;SUMH2O_E1-F1;SUMH2O_F1-M0;SUMH2O_M0-M3;SUMH2O_S-VE;SUMH2O_VE-E1;SUMRG_E1-F1;SUMRG_F1-M0
1;1;0,0676;0,7501;14,3684;13,85;12,9706;13,6786;1,4755;1,1772;14,3833;0;1;29,2;22,7;37,6;4;91,2;424,4141;440,8254
2;1;0,0116;0,888;14,6316;14,4118;13,871;13,75;1,2503;1,4589;8,9667;0;0;80,9;19,4;7,5;2,3;40;457,8358;377,9734
3;1;0,0101;0,8938;14,6471;14,2353;13,7778;13,5484;1,105;1,3779;12,95;0;0;44,7;34,2;4,8;0;10,3;430,9866;348,6794
4;1;0,0471;0,8839;14,3529;14,1429;12,4571;14,6667;1,4928;1,3335;12,2571;0;0;21,8;14,6;45,5;24,3;81,6;364,9802;444,2774
5;1;0,0495;0,4315;14,6667;14,2222;12,6875;13,5455;1,4541;1,2336;10,6857;1;1;64;83,9;60,9;3,3;74,6;447,2957;454,9723
6;1;0,1161;0,6902;14,5238;14,25;12,7778;13,3404;1,3416;1,2661;10,55;1;0;31,6;31,4;82;7,5;119,6;410,3842;409,3099
7;1;0,5411;0,1989;14,6842;14,5;12,875;13,8125;1,4645;1,2699;11,1286;2;1;37,1;42,1;143,5;2,7;37,7;492,4379;409,1666
8;1;0,2398;0,9963;14,4211;14,1111;12,6452;14,4516;1,3933;1,253;9,8875;1;1;17,7;9,5;2,3;1;44,9;431,3884;412,547
9;1;0,0296;0,9158;14,4;14,4211;12,7241;14,3548;1,6749;1,2141;8,9;0;1;73,9;10,8;9,7;11,5;65,3;438,0959;485,3718
10;1;0;0,5075;14,2778;13,7143;12,8485;13,8333;1,5525;1,4421;7,3455;0;0;67,2;57,2;17,6;13,7;112,7;366,4789;455,8889
11;1;0;0,7574;14,4211;14;12,931;14,069;1,6662;1,2766;9,9667;0;0;65,8;35,4;12,5;9,8;72,9;392,2445;492,6222
12;1;0;0,6645;14,4444;14,15;13,4615;13,8485;1,4459;1,4064;7,1923;0;0;12,4;103,6;3,1;19,9;20,6;417,4218;435,2821
13;1;0;0,7951;14;13,8421;13,2143;13,7931;1,7168;1,2133;9,5444;0;0;70,8;21,1;10,3;10,1;65;355,6051;479,8102
14;1;0;0,2797;14,6471;14,5;12,75;14,7778;1,5284;1,5381;8,4636;2;1;51,3;72,4;28,3;23,7;10,6;396,3794;445,6627
15;1;0;0,5907;14,7059;14,45;12,9062;14,1795;1,4645;1,333;7,3091;0;0;39,5;20;70,1;21,8;117,3;424,9346;451,5599
16;1;0,0034;0,4314;14,6842;13,8824;12,5667;14,5;1,4012;1,2026;11,8375;0;1;42,9;22,3;76,3;27,3;131;433,8086;402,9505
17;1;0;0,5963;14,625;14,7;12,9667;13,7317;1,5784;1,2973;6,6769;0;0;76,2;45,4;36;1,1;94,5;361,9314;483,3252
18;1;0,0784;0,8645;14,4667;14,2222;13,1724;13,9722;1,5166;1,279;9,54;0;0;19,9;16,4;59,8;22;112;337,3607;436,8996
19;1;0,104;0,8887;14,5294;14;13,1;13,9722;1,4689;1,2439;9,54;0;0;19,9;17,8;58,6;22;112;395,788;416,5254
20;1;0,0019;0,851;14,5;14,6667;13,2308;13,8333;1,5178;1,3145;8,3917;2;0;16,4;38,3;14,5;17,1;125,6;381,4387;459,9634
21;1;0;0,7811;14,6875;14,7368;13,0667;13,7561;1,5469;1,368;6,9;0;0;63,9;24,1;47,8;1,5;126,3;383,1379;455,7128
22;1;0,0045;0,8474;14,7059;14,6667;12,9333;13,7561;1,5508;1,3077;6,9;0;0;63,9;24,1;50,8;1,5;126,3;412,6003;486,1901
23;1;0;0,6179;14,4;14;13,1429;13,7297;1,5611;1,2607;9,48;0;0;28,7;38,9;50;26,8;55,4;349,0456;452,9909
24;1;0,0029;0,1824;14,5789;13,7368;12,3824;14,4333;1,4236;1,3433;12,4857;0;0;21,6;16,8;151,2;17,5;92,7;455,8302;422,3959
25;1;0,0115;0,142;14,5455;13,5556;12,1944;14,4333;1,4729;1,2971;12,4857;0;0;26,4;12;151,2;17,5;92,7;505,0249;423,4882
26;1;0;0,3817;13,7647;13,6842;12,8387;13,8214;1,5368;1,2419;9,55;0;0;97,7;76;74,1;29,8;91,8;401,7121;471,1738
27;1;0,144;0,4907;14,05;14;12,5385;13,7568;1,4111;1,2956;3,4483;0;1;32,4;19,9;82,8;18,6;75,4;397,7536;433,1545
28;1;0,0514;0,9287;14;13,1053;12,9;13,8889;1,115;0,9931;9,6125;5;2;79,1;29,4;32,1;25,8;34,8;317,2295;338,9076
29;1;0,0088;0,7677;14,5263;14,2105;12,6944;13,8571;1,2606;1,2302;4,4286;1;0;39,1;19,9;52,3;45,8;105,2;373,9878;376,2104
30;1;0;0,7631;14,381;13,7727;12,5556;13,6053;1,4046;1,2632;4,348;0;0;48,5;23,4;23,8;16,3;70,4;408,9208;432,9929
31;1;0;0,3379;14,4;13,9048;13;13,2222;1,2735;1,3322;7,6286;1;2;54,3;103,9;21,5;15;80,6;455,2488;371,6676
32;1;0;0,1401;14,3889;14,1;12,9286;14,2683;1,5572;1,1252;8,33;1;0;17,2;54;89;7,8;35,6;416,2892;462,1745
33;1;0,0744;0,9398;14,5556;14,3889;13,0385;13,8529;1,4731;1,2502;9,1556;1;0;28,7;41,3;40,9;4;49,2;477,2819;422,2753
34;1;0;0,5052;14,7222;14,45;13,1154;14,0256;1,4988;1,1887;8,4222;1;2;37,4;49;20,6;0;82,5;442,9541;428,3669
35;1;0;0,5902;14,55;14,65;12,963;14,0256;1,5984;1,1605;8,4222;1;2;47,2;39,7;20,1;0;82,5;459,4745;465,3979
36;1;0;0,6899;14,3889;14,1111;13,1538;14,1212;1,4373;1,1206;6,5429;0;2;58;25,8;26,8;16;8,9;402,7266;411,502
37;1;0;0,7206;14,45;13,8889;13,0714;14,1212;1,3785;1,2013;6,5429;0;2;61,8;27,2;21,6;16;8,9;448,0855;392,0062
38;1;0;0,5862;14,2778;13,5294;13,68;14,1351;1,3064;1,2085;8,0917;0;1;56,2;8,8;46,2;17,1;27,9;427,6746;380,8343
39;1;0;0,7706;14,4444;13,6875;13,44;14,25;1,1605;1,2048;7,6429;0;0;25,2;39,8;12,2;15;48,2;447,7853;340,2256
40;1;0;0,3749;14,3623;14,5263;12,79465;13,7105;1,53235;1,32625;6,4714;0;2;101,1;44,7;37,9;9,7;120,2;492,8699;446,2232
41;1;0;0,415;14,3913;14,4737;12,7143;13,7105;1,5043;1,3041;6,4714;0;2;101,1;44,7;40;9,7;120,2;522,103;441,7538
42;1;0,411;0,3883;14;14,3333;12,9655;13,1628;1,413;1,2662;11,825;0;1;36,2;121,3;68,8;3,7;173,9;431,0428;419,3222
43;1;0,3879;0,4739;14,0455;14,1579;12,9032;13,1628;1,3472;1,3221;11,825;0;1;36,2;140,5;50,2;3,7;173,9;460,5926;419,5951
44;1;0;0,517;14,3064;14,49123333;13,175;13,2683;1,422233333;1,363366667;10,23;0;0;43,9;124,3666667;8,633333333;1;159,1;449,2416;438,2717
45;1;0;0,5672;14,3478;14,4211;13,125;13,2683;1,3709;1,3765;10,23;0;0;45,3;126,3;5,3;1;159,1;487,8;419,5951
46;1;0,0008;0,2855;14,35;14,6316;12,9062;13,7632;1,5438;1,3304;7,1462;0;2;22,8;52,9;67,1;25,9;199,4;457,313;450,076
47;1;0;0,3412;14,4091;14,5263;12,7941;13,7632;1,5124;1,2954;7,1462;0;2;25,3;50,4;76,3;25,9;199,4;512,9082;448,1413
48;1;0;0,7164;13,7895;13,8;13,5;13,8571;1,5247;1,2276;15,94;0;0;110,1;32,3;50,9;0;64,9;421,9974;430,3364
49;1;0;0,7164;13,7895;13,8;13,5;13,8571;1,5247;1,2276;15,94;0;0;110,1;32,3;50,9;0;64,9;421,9974;430,3364
50;1;0;0,5733;13,9149;14,2059;13,55;13,5;1,3559;1,18445;10,8;1;0;23,6;58,2;86;0,1;23,1;387,99305;394,66315
51;1;0;0,6035;13,9474;14,1765;13,5;13,5;1,3573;1,1727;10,8;1;0;23,6;58,3;85,9;0,1;23,1;415,3331;393,714
52;1;0;0,1528;14,5;13,6667;13,5862;13,8;1,1311;1,3253;10,0889;0;2;72,6;74,9;5,6;13,7;39;430,5175;337,8805
53;1;0;0,0749;14,4091;14,35;13,2258;13,8235;1,5306;1,352;9,3625;0;3;91,6;65,3;46,6;11,2;53,7;506,5232;430,2659
54;1;0;0,1463;14,6;14,5294;13,4483;13,5;1,5197;1,1344;10,2571;0;3;41,8;47,1;79,9;0,7;23,8;439,9798;431,3927
55;1;0;0,039;14,2161;14,24206667;13,44793333;14,2895;1,538266667;1,3835;11,1429;0;2;176,5666667;39,4;45,3;0;77,9;432,072;438,8971
56;1;0;0,0704;14,2273;14,25;13,3438;14,2895;1,4692;1,4051;11,1429;0;4;179,9;37;45,3;0;77,9;469,7338;432,4709
57;1;0;0,1373;14,5789;14,1579;13,2963;13,2286;1,5673;1,3086;12,3;0;0;71,5;106;55,9;6,2;20,4;496,2841;443,2367
58;1;0;0,022733333;13,94626667;13,6316;13,37463333;13,6667;1,347533333;1,337433333;13,6714;1;1;66,4;116,1;83,7;7,8;66,6;416,3029;397,6173667
59;1;0;0,0592;13,95;13,6316;13,2667;13,6667;1,3996;1,3065;13,6714;1;1;122,4;60,1;83,7;7,8;66,6;433,6405;418,0961
60;1;0;0,1007;14,5;14,15;13,2222;13,1622;1,5948;1,3267;11,1;0;0;37,9;110,1;63,9;3,9;57,2;468,6613;468,3492
61;1;0,0145;0,0099;14,2632;14,25;13,6207;12,9091;1,4328;1,3668;8,91;1;0;18,4;73,7;97;6,8;31,3;422,0892;411,5768
62;1;0,004;0,33765;14,64585;13,71875;13,64105;13,8571;1,3089;1,089;12,4167;2;0;14,35;73,55;68,7;0;92,5;457,0396;394,13195
63;1;0,566;0,9228;14,7647;14,4;13,5385;14;1,2496;1,0246;11,2143;1;0;14,5;27,1;87,5;0,1;71,3;467,8135;365,0659
64;1;0;0,4746;13,5909;13,5882;13,1429;13,75;1,2907;1,2487;13,2833;0;2;91,4;25,3;40,6;8,6;88,2;489,9114;373,6771
65;1;0;0,4746;13,5909;13,5882;13,1429;13,75;1,2907;1,2487;13,2833;0;2;91,4;25,3;40,6;8,6;88,2;489,9114;373,6771
66;1;0;0,2698;14,125;14,1111;13,52;13,5833;1,4957;1,3044;7,7727;4;2;35,4;53,8;42,1;48,2;131,5;394,2666;452,5762
67;1;0;0,6091;13,9375;14,3529;13,4333;13,4333;1,3502;1,225;9,1444;2;0;34,6;43,7;89,2;0,3;66,1;346,4888;409,2415
68;1;0,0926;0,4286;14,3333;13,9565;13,069;14;1,733;1,27;11,5625;0;0;4,1;51,9;72,4;15,3;64,7;331,483;516,8052
69;1;0,0125;0,8135;14,4286;14,35;13,2;14,0345;1,5575;1,3447;7,7917;0;0;18,5;24;49,3;16,9;176,3;323,2544;464,6275
70;1;0;0,0915;14,5385;14,1905;13,7;13,7778;1,6663;1,4341;9,8556;0;0;26,8;70,6;61,2;21,9;66,3;343,2337;497,344
71;1;0;0,3499;14,3158;13,9565;12,45;14,8065;1,3663;1,512;9,52;0;2;80,9;23,3;44;37,3;25,8;383,5314;401,5526
72;1;0;0,4014;14,5882;13,5789;13,3333;14,25;1,2899;1,2288;12,6857;0;1;52,6;46,1;52,1;5,1;26,9;419,5613;389,7922
73;1;0,0074;0,3211;14,875;14,2174;13,125;14,2;1,6603;1,2747;10,75;0;1;24,8;64,6;78;56,4;82,5;412,3192;479,2464
74;1;0;0,4446;14,5882;13,6842;13,2667;14,3462;1,3971;1,2433;13,8857;0;0;102,7;51;41;3,5;40,3;427,8366;414,8543
75;1;0;0,5484;14,5556;13,7;13,129;14,3462;1,3924;1,2012;13,8857;0;0;102,8;51,6;40,3;3,5;40,3;454,8542;437,9666
76;1;0;0,5653;13,8235;13,8333;12,9643;13,913;1,4997;1,2729;12,7625;0;0;50,3;19,3;38,4;39,9;142,4;439,4891;421,3879
77;2;0;0;14;13,5909;12,2;13,64;1,2669;1,4225;4,89;0;8;146,1;130,7;153,6;25,5;183,2;426,6187;394,1921
78;2;0,0052;0,8766;14,5238;14,0588;12,8889;14,2333;1,0452;1,2741;12,1143;0;6;70,5;16,6;3,4;56,7;74,9;531,1109;315,9835
79;2;0;0,4892;14,2;13,5263;13,5926;13,3333;1,1679;1,3013;5,7357;0;9;88,8;40,4;8,8;30,9;88,1;542,3116;353,0596
80;2;0;0,7854;14,6087;13,9412;12,9259;14,0667;1,0978;1,2291;7,9545;0;9;72,6;24,4;4,4;42,5;144,9;581,9947;321,6938
81;2;0;0,6907;14,4231;13,6316;13,6207;14,0769;1,1669;1,3368;7,5083;0;9;81,9;12,8;38,8;38,6;68,1;537,7918;350,6918
82;2;0;0;14,5714;14,15;12,4571;13,5745;1,2166;1,2181;7,7231;1;6;37,1;63,4;127,3;30,3;120,9;448,9124;355,0446
83;2;0;0;14,5652;13,9524;12,3421;13,5745;1,1612;1,254;7,7231;1;7;62,1;73,5;102,3;30,3;120,9;493,6309;339,9556
84;2;0,5552;0,9402;14,5238;14;12,5;13,4;1,2643;1,1525;6,4417;1;7;21,1;21,9;65,9;16,6;177,4;446,1966;385,3109
85;2;0;0,6953;14,3043;14,3684;12,7143;13,34;1,2641;1,1509;6,8077;1;7;66,6;13,6;62,7;11,7;118,6;482,8399;371,1888
86;2;0;0,0143;14,65;14;12,4706;13,75;1,2249;1,2572;7,5;2;6;31,3;89;99,1;87,7;61;438,6146;374,7053
87;2;0;0,0057;14,6364;13,8571;12,3947;13,75;1,1987;1,2741;7,5;2;6;31,3;96,5;101,8;87,7;61;482,5436;354,5165
88;2;0;0,6546;14,3333;13,3182;12,3939;13,6889;1,2464;1,2529;4,9737;0;4;32,3;23,1;32,6;8,9;280,2;485,3718;386,0474
89;2;0;0,6832;14,3846;13,1304;12,1818;13,6889;1,3147;1,1509;4,9737;0;4;32,3;23,3;36,9;8,9;280,2;541,7831;382,8848
90;2;0;0,4487;14,2917;13,0476;12,3235;13,3043;1,1638;1,2944;4,325;0;5;21,3;47,9;66,5;45;371,1;470,8145;341,9464
91;2;0,3111;0,9729;13,9583;13,0909;12,2727;13,6304;1,4085;1,3101;5;0;6;3,6;37,9;10,2;9,1;154,9;438,7514;434,3926
92;2;0;0,2031;14,4583;13,0909;12,4688;13,6512;1,3137;1,2429;5,9813;0;5;54,4;29,7;38,8;40,4;278,1;499,0273;396,7949
93;2;0;0,6812;13,9;13,7059;12,3939;13,9688;1,2638;1,1159;7,3364;0;3;28,1;27,6;31,7;34,5;95,3;418,3088;379,9717
94;2;0;0,2056;14,5455;14,05;12,7419;14,0444;1,4389;1,2053;6,7167;0;8;68,1;72,9;19,8;1;65;485,5216;412,3462
95;3;0,6353;0,9992;14,25;13;12,6129;13,8333;1,3553;1,3654;6,3438;1;0;11,6;13;18,1;72,3;150,4;421,5236;401,2772
96;3;0,5914;0,7019;14,2;14,5;12,5806;12,9722;1,4383;1,1589;8,4;0;0;89,2;3,9;128,6;91,2;112,9;428,3676;439,9607
97;3;0,8223;0,6932;14,6667;14,2941;12,6875;13,5455;1,4467;1,2376;10,8125;1;1;29;48,9;60,9;3,5;74,6;447,2957;426,5521
98;3;0,6928;0,9266;14,7895;14,2;13,6071;14;1,2632;1,0493;11,2143;3;0;14,8;26,8;92;0,1;71,3;522,9371;366,6874
99;3;0,4859;0,8995;14,4375;14,6842;12,7419;13,5849;1,6188;1,3077;8,35;3;0;9,2;1,6;52,3;43,1;116,4;387,8579;465,9649
100;3;0,5398;0,9088;14,4706;14,6842;12,6471;13,5849;1,6071;1,2893;8,35;3;0;9,2;1,6;52,8;43,1;116,4;413,681;467,8103
101;3;0;0,5952;14,5;13,8889;12,7778;13,6667;1,44;1,3233;6,3692;5;0;11,4;20,3;49,9;19,2;98,2;326,4487;451,5102
102;3;0,0062;0,5671;14,5625;13,7059;12,6774;13,6667;1,4339;1,2963;6,3692;7;0;11,4;20,3;100,6;19,2;98,2;382,7952;423,2869
103;3;0,0173;0,5724;14,5294;13,6471;12,6667;13,6667;1,4539;1,2795;6,3692;7;0;11,4;20,3;101,5;19,2;98,2;403,2194;430,8811
104;3;0,6991;0,7328;14,2778;13,6111;12,6364;13,3171;1,4277;1,254;6,5267;5;0;15,8;19,8;113,7;42;124,6;383,7924;438,777
105;3;0,3159;0,9971;14,7059;13,9474;12,6562;13,8947;1,5332;1,3327;5,3947;4;0;21,6;23,5;17,6;41,6;159,2;419,1959;459,315
106;3;0,9141;0,7943;14,5625;13,7222;12,7667;13,2553;1,5436;1,4186;8,425;3;0;9,5;8,4;70,2;33,7;75,2;382,9529;472,4363
107;3;0,9722;0,7001;14,5556;13,5556;12,75;13,2553;1,5312;1,3985;8,425;5;0;9,5;8,6;130,8;33,7;75,2;441,0983;470,8105
108;3;0,927;0,9352;14,4375;14;12,7576;13,9474;1,418;1,3354;5,5941;4;0;4,7;25,7;30,2;57,6;151;393,8119;413,5547
109;3;0,9001;0,97;14,4444;13,9444;12,6857;13,9474;1,4889;1,3075;5,5941;4;0;5,5;24,9;30,2;57,6;151;435,5172;424,467
110;3;0,5942;0,9147;14,2667;14,25;12,7273;13,5094;1,6419;1,4145;7,4857;1;0;5,4;7,8;62,3;69,2;201;336,9154;513,2192
111;3;0,6852;0,9652;14,4211;13,85;12,6923;13,5094;1,593;1,4448;7,4857;1;0;10;25,6;40,5;69,2;201;450,6912;473,3291
112;3;0,2063;0,9426;14,3684;13,55;12,359;14;1,5086;1,3558;7,9286;3;0;20,8;40,4;47;38;189,7;476,4319;452,9218
113;3;0,5131;0,9967;14,4375;14,7368;12,6333;13,64;1,5777;1,3267;8,5833;4;0;8,3;1,1;21;16,7;112,9;388,9332;464,9486
114;3;0,5684;0,997;14,4706;14,7368;12,6061;13,64;1,5596;1,321;8,5833;4;0;8,3;1,1;21;16,7;112,9;418,1051;463,4341
115;3;0,6624;0,9971;14,5263;14,5789;12,5143;13,64;1,4985;1,3109;8,5833;4;0;8,3;4,7;19,7;16,7;112,9;475,3739;449,271
116;3;0,4782;0,9289;14,375;14,1176;12,8333;13,7143;1,4848;1,2911;7,0692;6;0;10,4;36,2;93,4;27,6;87;341,8772;441,2675
117;3;0,5844;0,8307;14,4444;13,8824;12,8438;13,7143;1,4833;1,29;7,0692;8;0;10,4;36,2;93,4;27,6;87;397,1848;442,2121
118;3;0,6841;0,8529;14,3333;14,2632;12,9706;13,6327;1,6235;1,3755;10,225;1;0;15,9;1,1;71,8;56,7;100,9;403,4383;500,5926
119;3;0,9646;0,6384;14,6;13,1765;12,6875;13,7027;1,5205;1,3708;6,8231;8;0;8,4;5,5;118,1;22,8;67;390,5939;448,3462
120;3;0,9333;0,6029;14,4706;13,0588;12,7273;13,7027;1,4775;1,3724;6,8231;8;0;8,4;33,3;90,3;22,8;67;443,6964;427,6109
121;4;0;0,1519;13,7;13,8421;13,8571;13,1724;1,5006;1,5397;10,0875;0;4;102,9;62,8;37,4;6,4;84,6;472,3477;464,4731
122;4;0;0;14,1579;13,15;12,5714;13,7143;1,3444;1,354;8,2;0;0;162,3;93,7;131,3;23,5;125,7;421,609;401,3575
123;4;0;0;13,7727;13,5217;12,5897;13,4043;1,5416;1,6407;4,2;0;6;55,3;110,2;110,3;8,8;113,7;529,916;446,6257
124;4;0;0;13,8571;12,85;12,3611;13,6;1,3348;1,3808;7,9333;0;1;226,4;103,4;170,5;27,5;198,2;413,8916;404,8538
125;4;0;0;14,12;13,3636;12,0465;13,6538;1,6256;1,4813;5,4053;0;3;136,1;81,6;72,6;30,5;212,6;497,3864;487,5199
126;4;0;0;14,2778;13,4;12,5294;14,0303;1,5165;1,3673;8,6818;0;1;92;70,5;120,9;13,9;104,4;421,9168;449,4985
127;4;0;0,317;13,7083;13,6;13,5926;13,4194;1,4691;1,3655;7,8077;0;3;73,9;56,7;18,7;41,6;152;547,5715;431,4287
128;4;0;0;13,7273;13,85;12,7576;13,3478;1,773;1,5272;3,895;0;2;63;187,6;217,5;38,4;141,4;518,7629;494,5223
129;4;0;0;13,6842;14;13,6333;13,6053;1,5835;1,3958;5,9133;0;1;121,2;85,1;190,6;7;81,1;405,7049;472,1515
130;4;0;0,1583;13,8;13,8824;13,7143;13,0698;1,3384;1,3912;9,5889;0;1;60,5;34,8;138,5;3,5;60,9;435,1849;412,7281
131;4;0;0,1234;13,7619;13,8889;13,5333;13,125;1,7129;1,4634;3,5174;0;2;47;66,9;106,5;26,6;114,4;530,0226;506,3803
132;4;0;0;14,5238;14,4;12,8889;13,9744;1,4909;1,1945;4,145;1;1;54,1;103,6;137,4;18,1;34,5;509,9357;435,6774
133;4;0;0,0239;13,6667;13,8333;13,6786;13,1351;1,593;1,4078;4,47;0;0;69,2;132,1;37,5;29,9;198,5;386,6789;495,918
134;4;0;0,0726;13,7895;13,8333;13,4483;13,2703;1,5886;1,4199;6,1222;0;0;77,9;131,7;84,7;74,8;82,2;430,735;472,352
135;4;0;0,1622;13,8095;13,6842;13,3793;13,2703;1,5111;1,4301;6,1222;0;0;80,5;136,3;78;74,8;82,2;488,4019;460,7194
136;4;0;0,1201;14,3158;13,8889;13,3793;13,3611;1,6143;1,4436;5,27;0;0;131,7;149,7;62,9;40,7;20,7;441,0248;486,0403
137;4;0,0983;0,3788;14,0526;13,9444;13,3;13,2368;1,6794;1,4649;4,625;0;0;80,6;28,2;188,3;87,5;68,5;453,9485;501,5585
138;4;0;0,0273;14,25;14,0556;13,4483;13,0789;1,597;1,4665;4,4926;0;0;138;146,8;65,2;65,7;30;467,8261;479,0642
139;4;0;0,018;14,6111;13,9;13,2857;13,5385;1,629;1,4268;4,9762;0;0;73,4;154,3;97,3;68,2;78,9;459,1998;503,9464
140;4;0;0;13,94826667;13,4762;13,57983333;13,2121;1,478366667;1,482166667;9,6778;0;2;38,1;207,9666667;90,03333333;12,5;49,9;527,0943333;445,9579333
141;4;0;0;13,95;13,4762;13,6061;13,2121;1,4829;1,4895;9,6778;0;2;39,9;209,7;86,5;12,5;49,9;546,7928;445,8766
142;4;0;0;14,59525;14,41665;13,6454;13,8286;1,53805;1,4118;8,21;0;3,5;96,4;48,9;179,9;30,7;70,8;456,12235;442,65345
143;4;0;0;14,5238;14,5;13,5667;13,8286;1,5439;1,4053;8,21;0;4;99,8;46;179,4;30,7;70,8;482,6009;444,5359
144;4;0;0;13,84165;13,8284;13,7376;13,0323;1,4434;1,39465;10,5;0;0;49,85;104,6;100,4;4,4;51,3;479,3701;440,21665
145;4;0;0;13,85;13,8333;13,7419;13,0323;1,4656;1,3626;10,5;0;0;50,2;104,5;111,6;4,4;51,3;508,2142;446,7593
146;4;0;0;13,5263;13,7273;13,7;13,7;1,6257;1,2732;10,9;0;0;73,9;120,6;140,7;6,1;92,4;428,0627;478,1678
147;4;0;0;13,5263;13,7273;13,7;13,7;1,6257;1,2732;10,9;0;0;73,9;120,6;140,7;6,1;92,4;428,0627;478,1678
148;4;0;0;13,7647;13,5;13,4333;13,1875;1,2981;1,3659;11,9143;1;0;7,9;159,4;114,6;21,7;34,9;405,0526;381,5316
149;4;0;0;13,7368;13,55;13,4516;13,1875;1,2423;1,3946;11,9143;1;0;27,5;156,1;98,3;21,7;34,9;460,3702;361,3475
150;4;0;0,3132;14,12406667;13,70486667;13,69126667;13,5312;1,552066667;1,4664;10,7875;0;0;45,93333333;105,5666667;56,2;6,8;30,8;439,6847667;476,3201667
151;4;0;0,378;14,15;13,6364;13,6452;13,5312;1,5546;1,469;10,7875;0;0;46,6;104,9;56,2;6,8;30,8;476,3635;457,7317
152;4;0;0,077;13,9333;13,75;13,7308;13,5;1,785;1,5162;8,2;0;0;64,2;121;56;34,2;234,9;418,9396;517,3412
153;4;0;0,1996;13,9412;13,75;13,5517;13,5;1,7306;1,4983;8,2;0;0;65,3;120;55,9;34,2;234,9;477,4028;515,9239
154;4;0;0,2855;13,9474;13,75;13,4;13,5;1,7262;1,4865;8,2;1;0;65,3;120;55,9;34,2;234,9;536,513;513,2632
155;4;0;0;13,8947;13,8824;13,7742;12,9487;1,5669;1,4318;6,1611;0;0;103,7;114,4;85,8;39,5;103;475,5967;475,4279
156;4;0;0;13,6;13,9444;13,7241;13,1053;1,4894;1,5334;5,8609;0;0;81,2;99,2;87,6;63,8;218,8;360,7013;460,7928
157;4;0;0,0185;13,6471;13,9412;13,625;13,1053;1,5247;1,5437;5,8609;0;0;113,2;67,2;87,6;63,8;218,8;405,5857;445,2232
158;4;0;0,0231;13,5;13,72;13,4516;13,7143;1,8245;1,6769;9,5769;2;0;80,1;131,9;89,6;7,3;156,7;380,7623;559,084
159;4;0;0,0281;13,5556;13,72;13,2424;13,7143;1,8185;1,5637;9,5769;2;0;80,1;132,7;89,2;7,3;156,7;439,7263;556,1921
160;4;0;0,3435;13,7059;13,6087;13,2258;13,75;1,7173;1,598;9,9769;1;0;45,9;98,4;93,3;48;135,4;424,2798;497,9016
161;4;0;0,4317;13,7368;13,5652;13,0294;13,75;1,6915;1,5574;9,9769;1;0;45,9;105,1;87,4;48;135,4;483,1265;490,541
162;4;0;0,5202;13,7143;13,6087;12,8611;13,75;1,7077;1,5412;9,9769;1;0;45,9;105,1;87,4;48;135,4;530,2454;498,195
163;4;0;0,4957;14,1905;13,9167;11,7091;14,8065;1,3731;2,8102;9,52;0;2;88,9;37,1;45,3;37,3;25,8;423,5299;400,5983
164;5;0,3299;0,9641;14,2353;12,9375;12,5;13,5116;1,3876;1,3354;7,525;2;0;23,8;36,5;33,2;42,8;213,6;439,5668;398,3396
165;5;0;0,2017;14,3684;13,15;11,8372;13,5741;1,372;1,3413;5,01;0;0;34;211,3;46,5;44,1;214,5;402,5441;407,4347
166;5;0,2732;0,9704;14,1176;13;12,5455;13,7143;1,4183;1,424;6,1467;1;0;31,3;31,7;32,3;67,2;165,2;400,5558;408,6896
167;5;0;0,2581;14,3158;13,2;11,9545;13,6415;1,3753;1,3548;5,6471;0;1;33,3;146,4;47,6;55,6;216,3;402,0984;418,7452
168;5;0;0;14,3333;12,8571;11,4348;13,5849;1,3846;1,3639;5,715;0;0;83,6;138,3;140,9;87,6;247,1;427,7056;401,7935
169;5;0,0455;0,0975;13,45;13,7647;12,359;13,4706;1,5314;1,5511;5,4533;0;1;38;108;96,3;113,9;159;427,7858;444,4996
170;5;0,0349;0,7954;14,2778;12,8824;12,5625;13,16;1,4613;1,3356;6,4;0;2;24,4;57,2;56,5;42,3;335,5;418,6688;436,3445
171;5;0;0,5471;14,3333;13,1304;11,6047;13,8846;1,6563;1,3022;5,9714;0;0;32,7;72,8;68,4;59,7;210,5;447,147;489,7055
172;5;0;0,1537;14,2632;13,6667;12,6842;13,6604;1,2535;1,4007;6,0778;0;0;16,3;100,8;27,2;62,8;219,7;401,9951;376,1496
173;5;0;0,075;14,2105;13,3158;11,8864;13,566;1,3149;1,3785;5,9294;0;0;34,2;167,3;76,5;43,7;231,6;387,959;395,8718
174;5;0;0,5495;13,9412;13;12,5455;13,5909;1,2238;1,2418;6,7357;0;0;30,4;80,9;20,1;42;184,2;368,1518;355,279
175;5;0;0;14,28;13,7619;12,2326;13,6667;1,3551;1,5086;5,6158;0;3;123,4;104,7;111,7;65,1;188;445,8391;408,2112
176;5;0;0;14,3158;13,4286;12,6111;13,5366;1,3992;1,4025;5,8688;0;3;93,4;103,7;147,7;83,5;99,1;464,3561;408,1759
177;5;0;0;14,25;13,8095;12,2791;13,6596;1,3827;1,5018;5,8667;0;2;112,5;91,2;96;75;185,2;436,0705;415,1549
178;5;0;0;14,3333;13,3333;12,8;13,3095;1,1817;1,1988;6,66;0;1;49,2;137,2;127;75,2;170,6;440,6418;342,1184
179;5;0;0;14,6818;13,9545;12,7436;13,32;1,1846;1,3824;6,7667;0;0;50,3;143;121,2;6,5;238,4;464,4378;354,3847
180;5;0;0;14,36;13,9091;12,3488;13,48;1,2222;1,3974;5,2765;0;4;95,6;185,3;139,5;13,6;187;490,2451;364,9669
181;5;0,0862;0,6104;13,8421;13,4;13,5185;13,375;1,4374;1,1392;7,4583;0;2;8,4;74,2;77,9;29,4;134,5;473,7982;427,3812
182;5;0;0,0175;13,5238;13,6471;13,1481;13,5172;1,3716;1,3125;9,0818;0;0;69,8;98,9;50;72,1;196,6;456,0451;389,8462
183;5;0;0,6193;13,8235;13,4375;12,7308;13,5556;1,3562;1,2634;13,6333;1;0;11,1;64,5;48,2;48,6;150,9;467,7692;396,9436
184;5;0,0337;0,0562;14,5;13,3;12,8387;13,3333;1,5366;1,4014;6,8538;0;1;7,2;123,8;86,6;18,9;221,1;462,2461;456,2388
185;5;0;0,4071;13,7619;13,1429;12,6562;13,3902;1,5846;1,2912;5,8059;0;4;50,4;162,6;44,8;37,5;186,8;462,3199;470,7853
186;5;0;0,4979;14,2778;13,15;12,7419;13,439;1,6075;1,1739;7,5615;0;1;44,1;93,5;27,1;14,5;184,8;301,5443;463,8348
187;5;0,3282;0,3781;14,4737;13,6316;12,7742;13,4167;1,5021;1,3976;11,1125;0;0;15,3;80;66;38,7;205,3;443,0358;437,513
188;5;0;0;14,2222;13,6111;12,7241;13,9697;1,3315;1,0666;8,2917;0;2;28,7;69,6;96,9;63,9;146,6;430,646;404,1187
189;5;0;0;14,5;13,7895;12,4412;14,3235;1,3239;1,1496;7,9846;0;2;12,2;155,7;138,3;44,9;112,4;430,8048;412,7141
190;5;0;0;14,6;13,6471;13,2308;13,8857;1,2669;1,2342;10,2778;0;0;16,8;73,2;141,3;56,2;182,3;404,7163;380,3479
191;5;0;0,0516;14,4762;14,2381;12,7027;13,8378;1,3924;1,1597;4,176;0;1;11;57;72,8;31,6;81,2;400,3553;417,5176
192;5;0;0,0984;14,4348;14,1818;12,475;13,8378;1,3238;1,1992;4,176;0;1;11;78,1;55,1;31,6;81,2;445,8258;406,5642
193;5;0;0,0898;14,4375;13,9524;12,9355;13,3529;1,3188;1,3624;3,6412;4;0;1;90;110;30;86,9;386,8801;381,4128
194;5;0,0025;0,4671;14,125;13,85;12,5806;13,303;1,2222;1,1329;5,54;2;0;18,2;41,9;82;27,1;121;339,2089;344,4833
195;5;0;0;14,4762;14,4;12,6486;13,7838;1,3788;1,1655;4,3087;0;1;55,4;66,4;107;55,4;154,2;406,9418;403,6946
196;5;0;0;14,4783;14,2857;12,475;13,7838;1,3188;1,1946;4,3087;0;1;55,4;74,2;114,5;55,4;154,2;450,3053;395,8765
197;5;0;0,3706;14,25;13,9;13,0645;13,4375;1,2474;1,3453;5,6429;2;0;8,3;84,9;76,7;28;73,3;361,3666;367,3656
198;5;0;0;14,4444;14,0556;12,7586;13,4545;1,4313;1,3127;9,4091;0;1;3,9;118,7;21,5;33,2;195,6;406,6859;421,5186
199;5;0;0,0099;14,4;13,9444;12,7667;13,4545;1,472;1,2701;9,4091;0;1;32;90,6;21,5;33,2;195,6;451,6643;432,877
200;5;0;0,4114;14,15;13,8947;12,8;13,0811;1,4902;1,2827;7,6846;0;1;68,9;80,8;52,4;154,2;297,2;432,1807;454,8978
201;5;0,0967;0,6334;14,7222;13,5;12,8966;13,6176;1,3847;1,2327;8,0846;0;1;22,4;137,5;31,2;90,1;108,5;466,1132;404,766
202;5;0;0,4322;14,69505;13,91665;12,8838;13,6;1,4713;1,2989;9,3364;0;0;26,9;107,1;28;17,7;206,1;464,61095;442,9647
203;5;0;0,4763;14,6842;13,8333;12,871;13,6;1,4818;1,2674;9,3364;0;0;26,9;107,1;30,6;17,7;206,1;486,3776;448,9758
204;5;0,1766;0,5392;14,4444;13,8421;12,8929;13,4615;1,3626;1,3049;7,6846;0;1;6,6;188,4;26,9;44,4;182,9;414,0648;410,413
205;5;0,137;0,6364;14,5;13,6316;12,9;13,4615;1,4134;1,2347;7,6846;0;1;26,3;168,7;28,6;44,4;182,9;450,4244;428,8824
206;6;0;0,7942;13,55;13,8333;13,7143;13,375;1,6516;1,5028;6,5545;1;3;78,6;17,7;18,4;10,3;25,6;491,269;485,9975
207;6;0,8414;1;13,8333;13,9412;13,9583;12,75;1,5837;1,4102;11,8;3;6;0;0,9;0;0;46,4;489,8617;480,9672
208;6;0,8621;1;13,7059;14;13,9545;12,6429;1,3575;1,2905;9,7833;2;4;0;0,4;0;0,6;29,8;467,6587;404,8585
209;6;0,4871;1;13,9375;14;13,6923;13,4324;1,7512;1,416;13,3167;4;0;10,7;13,6;2,7;0;129,6;440,6148;536,2538
210;6;0,11;0,971;13,8824;13,8421;13,1667;13,6207;1,6041;1,3039;13,9833;0;0;33,9;0;23,4;27,8;85,6;444,1118;489,9928
211;6;0,0546;0,9546;13,75;13,8667;13,8846;13,6207;1,2911;1,4193;15,2857;0;0;13,5;24,2;3,1;0,6;48;378,5346;377,6364
212;6;0;0,7056;14,5556;13,8889;13,4828;13,3438;1,5245;1,4847;13,45;2;0;35,4;67,3;2;0;41,8;463,9561;450,823
213;6;0,1496;0,988;14,3333;13,7368;13,3871;13,2059;1,5485;1,5495;10,7375;1;1;31;46,6;15,2;0,6;34,8;529,223;468,6001
214;6;0;0,707;13,5882;13,6842;13,5172;13,4848;1,3582;1,522;12,5;3;0;36,6;83,5;6,7;0,4;43,3;421,9286;415,6913
215;6;0,4679;1;14;13,5;13,1923;13,3929;1,5131;1,3819;10,1571;2;0;15,1;13,5;4;29,3;121,8;431,271;474,6481
216;6;0,1346;0,9926;13,7368;13,8125;13,6923;13,0345;1,4713;1,3997;12,4;0;0;76,5;8;4,9;0;35,8;460,8162;413,4776
217;6;0,2907;1;13,6316;13,7647;13,5185;13,0323;1,4842;1,4392;10,3857;0;4;56,7;8,5;5,9;0;29,2;442,6891;432,7272
218;6;0,2114;0,9957;14,0588;14,2632;13,6154;13,0857;1,5944;1,1741;8,28;0;0;13,7;5,3;17,7;0,2;40,6;355,2833;465,8807
219;6;0;0,8078;13,7778;13,8333;13,8;13,5667;1,611;1,2035;11,1182;0;0;36,6;21,5;23,3;12,6;53,9;424,363;461,4948
220;6;0,0007;0,8455;13,8571;13,6111;13,2143;13,7333;1,5654;1,2798;8,5167;0;0;30,8;42,5;12,7;38,4;97,9;452,0124;461,6266
221;6;0,6172;0,9949;13,7368;13,8333;13,6667;13,5278;1,4809;1,2166;5,8143;0;2;11,5;10;16,2;31,4;78,2;440,6389;431,5446
222;6;0,6504;1;13,6667;13,8889;13,7143;13,5278;1,5284;1,2134;5,8143;0;2;16,5;16,7;4,5;31,4;78,2;460,6391;451,1567
223;6;0,3424;0,9998;14;13,7;13,8148;13,1667;1,5505;1,3548;6,7667;0;0;5,7;26,4;6,9;4,5;89,3;446,2038;446,6754
224;6;0,6333;0,9984;14,25;14,2778;13,1538;13,9355;1,4875;1,2507;8,7182;0;3;11,3;3,2;13,8;28,7;9,6;417,415;436,3218
225;6;0,5518;1;14,5294;14,1667;13,52;13,7742;1,2615;1,3416;10,2545;0;0;6,8;16,1;0,5;16,3;10,7;404,2991;374,3647
226;6;0,6387;1;14,5263;14,1667;13,3846;13,7742;1,3716;1,2998;10,2545;0;0;7,1;15,8;0,5;16,3;10,7;423,2833;411,9617
227;6;0;0,8087;13,75;13,7059;13,9231;13,871;1,3015;1,3795;11,1818;0;0;52,6;12,9;13,9;1,4;21,9;370,0224;385,1287
228;6;0;0,7516;13,7778;13,6;13,7692;12,9394;1,5714;1,4919;6,8417;0;2;19,7;52,3;15,7;14,7;65,4;483,2435;460,4357
229;6;0;0,7977;13,65;13,7368;13,7586;12,9394;1,6597;1,4665;6,8417;0;2;24,2;47,8;17,7;14,7;65,4;505,1797;467,7743
230;6;0;0,7951;13,6842;13,5556;13,56;13,5333;1,4898;1,2394;12,8857;0;1;77,3;32,5;19,1;10;63,6;382,9144;445,7905
231;6;0;0,867;13,7143;13,5556;13,4615;13,5333;1,4747;1,2124;12,8857;0;1;77,9;31,9;19,3;10;63,6;434,9524;450,9396
232;6;0,209;0,9859;14,2632;13,7368;13,6786;13,1818;1,4772;1,4325;7,8667;0;0;37,7;23,9;13,7;15;33,4;431,2764;449,0942
233;6;0,1456;0,9965;14,3684;13,7895;13,2308;13,5429;1,4874;1,3743;8,55;0;0;67,9;25,3;1,4;14,1;18,8;425,9552;458,3729
234;6;0,2761;1;14;13,8421;13,25;13,5;1,6492;1,3431;10,05;0;0;29,4;21,1;6,4;26,3;51,8;413,0104;501,1322
235;6;0,5893;1;13,75;13,6316;13,4286;13,2424;1,5372;1,362;10,08;1;0;30,8;11,3;6,3;14;38,6;448,3368;454,9435
236;6;0,2092;0,9919;14,0526;13,8421;13,7931;12,9167;1,5401;1,4782;5,0143;0;0;29,1;26,7;21,8;35;45,8;449,7008;444,7296
237;6;0,1727;0,9958;14;13,7368;13,4286;13,2778;1,6022;1,3783;7,4429;0;0;33;11,7;1,8;18,9;35,2;415,7766;479,83
238;6;0,0736;0,96;14,35;13,7895;13,5;13,2368;1,5176;1,4537;4,8913;0;0;44,3;28,9;3,5;45,6;35,2;463,3207;447,5171
239;6;0,4933;1;13,7647;13,9333;12,875;13,7037;1,4792;1,1726;13,2143;0;0;19,3;0;13,5;25,7;88,3;442,0948;421,5798
240;6;0;0,8247;13,7857;13,7647;13,2;13,5312;1,4333;1,2166;11,4;4;0;78,5;0,9;17,4;36;61,8;348,4307;426,3797
241;6;0,0424;0,9258;13,8;13,6667;13,3704;13,4872;1,4044;1,1992;8;0;0;19,7;22,9;7,6;16,7;62,4;402,5387;414,4489
242;6;0;0,525;13,7368;13,6875;13,8889;12,7674;1,3734;1,469;10,8556;0;0;67,8;11,5;31,8;45,4;100,7;470,5207;416,0099
243;6;0,4282;0,9922;13,8125;13,8333;13,0357;13,7742;1,6323;1,3681;9,94;2;0;18,9;3,4;30,7;2,1;124,7;407,677;482,8338
244;6;0,4691;0,9901;13,8235;13,8333;12,9355;13,7742;1,6236;1,3458;9,94;2;0;19,7;2,6;43,3;2,1;124,7;431,1634;484,6028
245;6;0,008;0,9048;14,1765;13,7059;13,3929;13,4474;1,4588;1,4875;7,3357;4;0;68,9;12,9;3,6;28,8;70,3;412,7098;418,2923
246;6;0,0383;0,8969;14,1111;13,7778;13,2581;13,4474;1,5337;1,478;7,3357;4;0;68,9;12,9;46,9;28,8;70,3;423,5911;464,8583
247;6;0,2983;0,9979;14,5294;13,9444;13,3793;13,3488;1,5849;1,5032;9,1571;0;0;42,5;13,4;10,6;6,3;49,8;413,1158;464,5454
248;6;0,2153;1;14,25;13,7647;13,4828;12,9091;1,4673;1,5636;11,7667;3;2;48,5;10,3;1,2;28,3;133,1;483,5819;424,7683
249;6;0;0,7477;14,15;13,9412;13,5357;12,7111;1,341;1,5457;11,1222;2;1;90;27,3;4,3;35,8;90,3;466,0254;401,5102
250;6;0;0,8283;13,8421;13,8667;13,6923;12,8684;1,4449;1,4873;7,6111;4;3;66,7;37;0;10,9;66,2;503,1641;423,9227
251;6;0,4823;1;14;13,8125;13,08;13,88;1,4992;1,3371;11,275;0;0;36,5;0;1,9;40,7;67,6;429,2582;436,3114
252;6;0,075;0,9543;13,9444;13,8824;13,4643;13,6897;1,4559;1,3335;9,8444;5;0;82,4;20,6;52;21,5;52,2;478,4112;443,7436
253;6;0,0649;0,965;13,625;13,6316;13,75;13,5946;1,44;1,2386;11,1111;0;0;4,7;58,4;9,2;3,3;18,2;402,6611;440,1799
254;6;0,3744;0,9898;13,8947;13,8824;13,6207;13,6774;1,4644;1,4006;9,9333;2;0;23,6;39,7;38,7;12,5;72,7;493,6338;443,6842
255;6;0;0,8773;13,8889;13,875;13,7857;13,4286;1,4547;1,4315;5,5438;0;0;11,6;86,6;24,6;18,2;43,1;450,7002;416,7072
256;6;0,0161;0,9359;13,8947;13,8824;13,7241;13,4286;1,4521;1,3929;5,5438;0;0;11,6;87,8;23,4;18,2;43,1;480,4157;444,5093
257;6;0,5271;0,8986;14,3043;14,3333;13,1818;13,3571;1,6276;1,4619;10,65;0;0;68,6;43,2;9,1;0,6;100;504,1598;465,3058
258;6;0,57065;0,90825;13,7434;13,8787;13,6469;13,5312;1,4346;1,1249;8,6091;0;2;2,9;25,7;74,9;4,9;20,1;478,63135;427,7477
259;6;0,3952;0,8982;13,619;13,7895;13,1212;13,6341;1,5613;1,5581;11,6625;5;0;33,4;96,4;25,4;0;53,1;511,285;456,2194
260;6;0,67475;1;13,7361;13,5;13,20575;13,4884;1,50325;1,5945;11,32;5;0;49,3;52,75;12,65;0;51,5;479,88975;443,07195
261;6;0,7124;1;13,75;13,4737;13,1212;13,4884;1,4994;1,5822;11,32;5;0;53,6;50,8;10,3;0;51,5;503,734;446,6552
262;6;0,0326;0,8219;13,8;13,7647;13,6897;13,5333;1,4994;1,2774;10,1667;0;0;77;31,5;51,7;10,1;89,7;390,0888;451,1704
263;6;0,489;0,9078;14,625;14;13,3448;13,3611;1,5319;1,3973;7,2167;0;0;36,8;25;74,8;4,8;37,3;378,4414;445,0349
264;6;0,5768;0,9481;14,3529;14;13,3103;12,8947;1,5492;1,4267;6,2556;0;0;25,2;12,7;55,3;13,5;82,8;419,7294;461,7374
265;6;0;0,845;13,65;13,6522;12,75;13,7419;1,4993;1,7021;12,05;7;0;51,2;68,2;7,3;15,5;59,3;486,4536;442,7856
266;7;0;0,6188;13,8947;13,8182;13,7931;13,0909;1,769;1,6462;12,5167;0;1;81;70,7;11,3;0;119,4;491,7946;547,4653
267;7;0,4551;1;14,6842;14,8571;13,5556;13,2791;1,8762;1,3411;7,2364;0;0;26,6;9,4;5,3;3,5;107,6;488,3188;537,4627
268;7;0;0,5886;13,65;13,8;13,4286;13;1,7857;1,4649;5,5687;0;0;61,1;48,4;49,6;78,2;224,1;474,07;519,0865
269;7;0;0,6558;13,7368;13,7647;13,1481;13,5172;1,5029;1,3459;7,7;0;1;72,7;31,5;46,9;20,1;179,7;509,5728;439,8696
270;7;0,1622;0,7701;13,7368;13,8;13,4643;13,2564;1,5561;1,176;6,7923;0;3;21,2;39,6;92,3;33,5;155,7;419,0875;459,7049
271;7;0;0,375;13,7778;13,8889;13,4444;13,3784;1,6826;1,3193;8,64;0;0;34,6;35,4;46;24,7;159,8;401,4979;479,9952
272;7;0;0,584;14,25;14,05;13,3704;13;1,8114;1,2847;8,4059;0;0;61,6;32;41,9;36,9;76,6;464,918;523,7622
273;7;0,0073;0,7126;14,2381;13,8;13,1786;13;1,7265;1,3372;7,6235;0;1;70,4;43,6;26,6;39,7;118,9;489,5453;508,8791
274;7;0;0,7737;13,7273;13,7368;13,1071;13,4839;1,6034;1,3105;8,475;0;0;61,9;40,8;19,9;26,8;116,9;478,6121;493,7702
275;7;0;0,822;13,9524;13,6842;13,2593;13,5;1,633;1,285;7,5308;0;0;30,8;44,9;11,7;20,6;119,5;447,1193;491,9962
276;7;0;0,4157;14,15;14,381;13,2857;12,9535;1,811;1,2639;6,255;0;0;44,1;34;59,1;53,7;74,6;404,694;553,3114
277;7;0;0,6623;13,84;13,7;12,6176;13,3429;1,6227;1,4515;11,1917;1;0;135,5;98,4;5,2;20,8;213,8;636,8198;479,6402
278;7;0,0163;0,9146;13,5556;13,8889;13,5926;12,8421;1,7545;1,4181;9,58;0;0;139;7,2;45,3;20,2;99,8;430,218;503,8024
279;7;0;0,8171;13,6364;13,85;13,5926;12,9722;1,741;1,4326;5,8154;0;6;59;28,5;30,2;22,4;94;529,0463;503,6206
280;7;0,013;0,8793;13,6667;13,85;13,4643;12,9722;1,7012;1,4173;5,8154;0;7;65,1;22,4;30,2;22,4;94;570,2731;519,9685
281;7;0,5277;0,9612;13,7273;14;13,4483;13,2791;1,7116;1,4383;5,5;0;4;113,4;0,3;48,2;8,1;138;473,7852;499,0039
282;7;0,4549;0,8101;14,4091;14,1905;12,6053;13,1569;1,4922;1,3033;7,0143;0;2;69,8;10,1;102,1;6,2;133,5;475,4686;445,5338
283;7;0;0,7043;13,75;13,8;13,5926;13,8158;1,7192;1,2676;8,0583;0;0;94,4;13,6;29,5;30,4;76,5;408,803;491,747
284;7;0;0,3524;14,1579;13,8182;13,1765;14,1765;1,6988;1,5743;8,2154;0;0;121,6;50,5;23,7;23,4;39,1;372,254;512,1068
285;7;0,0027;0,8704;13,8571;13,9524;12,6364;13,4706;1,9322;1,4601;9,6125;1;0;107,7;26,3;48,5;23,3;144,4;529,4545;559,5901
286;7;0,092;0,9874;13,4211;13,9412;13,3846;13,3;1,6994;1,3488;10,5;0;0;118,2;8,5;3,3;19,9;59,4;447,268;487,0249
287;7;0;0,8069;13,9;13,6471;13,931;12,7447;1,4964;1,588;10,2;2;4;160,2;38;8,9;30,6;178,6;496,521;442,6607
288;7;0;0,2603;14,125;13,9524;12,7879;13,2683;1,7337;1,3187;5,9667;0;0;46,5;50,1;48,7;33,8;94,5;429,5102;505,2888
289;7;0;0,3414;14,1538;13,8095;12,7143;13,2683;1,6767;1,3246;5,9667;0;0;46,6;50;48,7;33,8;94,5;477,4144;488,5326
290;7;0,2204;0,998;14,4118;13,8947;13,1333;13,4524;1,7506;1,5397;7,04;0;0;24,5;4,8;9,2;36,5;176,7;393,4537;511,8008
291;7;0,0389;0,9449;14,5;13,8333;13,4;12,9388;1,5154;1,5761;10,45;1;2;63,5;9,1;6;11,6;186,9;472,1447;440,3423
292;7;0,0372;0,8003;13,7;13,9;12,3714;13,5385;1,7577;1,3849;9,5824;2;0;67,6;32,7;64;53;261,8;464,4572;504,0515
293;7;0;0,6764;13,7368;13,8824;13,7931;13,7714;1,5535;1,4347;4,7684;0;0;50,8;46,8;66,2;21,6;98,8;463,973;449,4928
294;7;0,0966;0,5141;14,5882;13,8947;12,9259;13,7222;1,647;1,3746;9,9917;0;0;47,5;31,3;77,3;15,4;159,8;482,0321;494,2526
295;7;0,0461;0,4498;14,4444;13,9;13,0741;13,475;1,658;1,4133;6,2591;0;0;65,5;50,2;104,8;45,2;110,8;481,2962;510,003
296;7;0;0,5753;14,1667;13,8947;13,3214;13,2857;1,6127;1,4647;5,7357;0;0;97,8;37;70,5;32,1;72,1;487,1671;481,7898
297;7;0,1929;0,9284;13,65;13,9444;12,0294;13,7429;1,5815;1,4408;9,4706;0;0;97,4;5,7;56,4;119,6;244,9;514,3907;471,9622
298;7;0,077;0,9708;13,85;13,8889;12,303;13,7;1,6021;1,4468;8,7737;2;0;58,2;22,6;33,3;27,7;111,2;488,5308;471,4765
299;7;0,1031;0,9633;13,7273;13,8421;12,2;13,7;1,6024;1,4646;9,4625;2;0;143,6;6,1;50;24,6;317,1;585,2214;488,3692
300;7;0,0485;0,9088;13,7143;13,9444;12,1765;13,7297;1,62;1,458;8,78;1;0;87,8;16,7;56,4;135;267;553,9464;472,1033
301;7;0,0999;0,9433;13,8;13,8947;12,4118;13,5208;1,6471;1,466;9,6214;4;0;29,7;45,8;52;22;143;541,7618;493,7389
302;7;0;0,4652;13,75;13,9;13,8148;13,4211;1,8867;1,4283;12,4429;0;0;77,2;16;45,8;20;134,6;445,081;551,1373
303;7;0,5674;0,9812;14,3636;14,3333;12,8824;13,7297;1,5131;1,2976;7,5923;0;1;31,4;12,5;21,7;30,8;206,7;500,8154;435,3242
304;7;0,3884;0,9996;14,1429;14,3;13,0606;13,4186;1,6759;1,3605;8,2923;0;1;18,8;13,5;6,2;11,9;201;442,791;489,5633
305;7;0,4503;0,9479;14,125;14,3158;12,9444;13,4186;1,6808;1,3245;8,2923;0;1;23,9;8,4;45,2;11,9;201;497,9038;478,1405
306;7;0,114;0,952;13,8235;13,2105;12,1111;13,697;1,5459;1,6923;6,38;2;1;109,6;14,6;46,7;8,2;80,1;447,4634;463,1447
307;7;0,0162;0,7487;14,2353;14,2632;13,0312;13,3654;1,5431;1,3896;7,7846;1;0;34,1;30,1;72,8;29,6;188,3;391,594;468,5594
308;7;0,0303;0,7927;14,1053;14,3684;12,9706;13,3654;1,6369;1,3683;7,7846;1;0;62,6;4,7;69,7;29,6;188,3;407,8458;499,7952
309;7;0,0463;0,7888;14,1905;14,2778;12,9459;13,3654;1,6285;1,3353;7,7846;1;0;62,6;4,7;71,6;29,6;188,3;465,1178;470,6078
310;7;0,0947;0,9613;14,5333;14,1053;13,36;13,6667;1,6353;1,2592;8,8818;1;0;105,7;27,7;52,1;48,5;108,1;402,2294;472,8877
311;7;0,1678;0,9762;14,5625;14,05;13,2593;13,6667;1,612;1,2593;8,8818;1;0;105,7;27,7;52,1;48,5;108,1;429,4472;495,3892
312;7;0;0,419;13,8667;13,8889;13,6071;13,1316;1,5843;1,3699;10,2778;0;0;131,7;39,8;67,1;19,4;269,6;403,5881;471,2504
313;7;0;0,617;14,8667;14,5455;13,6;13,7941;1,8411;1,4184;7,5917;0;0;22,2;36,6;29;23,4;201,5;415,7402;533,5344
314;7;0;0,6854;14,875;14,4783;13,3939;13,7941;1,8691;1,3666;7,5917;0;0;26,8;34,3;26,7;23,4;201,5;432,0562;556,7188
315;7;0;0,762;14,8889;14,4583;13,2353;13,7941;1,8981;1,3277;7,5917;0;0;30,6;33,4;23,8;23,4;201,5;484,6943;571,6382
316;7;0;0,1389;14,3333;14,2857;13,5806;13,7778;1,7903;1,3936;9,8556;0;0;45,1;52,4;65,8;21,9;66,3;359,8916;530,5612
317;7;0;0,748;14,7857;14,5417;13,3438;14,25;1,8022;1,4159;9,7889;0;0;6,3;37,8;38,5;39,8;136,4;330,0314;531,6329
318;7;0,0024;0,7888;14,6471;14,6087;13,2059;14,25;1,8065;1,3932;9,7889;0;0;18,6;26;38;39,8;136,4;383,629;521,4866
319;7;0;0,5999;14,125;13,8235;13,3871;12,9722;1,4081;1,4646;5,825;2;0;65,9;71,1;65,9;7,6;207,8;401,5602;423,4064
320;7;0;0,6768;14,1111;13,8235;13,3125;12,9722;1,5029;1,4632;5,825;2;0;89,5;47,5;65,9;7,6;207,8;433,1956;449,2649
321;7;0;0,6112;14,7143;13,85;13,6071;13,5278;1,667;1,5186;8,63;1;0;74,3;78,2;42;31,1;269,2;372,8189;506,4703
322;7;0;0,6924;14,625;13,8;13,5161;13,5278;1,7052;1,5087;8,63;1;0;106,1;51,2;37,2;31,1;269,2;409,617;501,0005
323;7;0;0,7528;14,5556;13,8;13,4242;13,5278;1,7275;1,4758;8,63;2;0;112;45,8;36,7;31,1;269,2;468,9911;496,1372
324;7;0;0,5119;14,0625;14;13,3667;13,1389;1,54;1,459;5,819;3;0;75,9;38,2;69,6;22,2;92;357,376;459,6415
325;7;0,112;0,8556;13,6471;13,6818;13,3529;13,6857;1,6917;1,5283;12,7429;0;0;51,1;70,1;82,9;28,5;164,1;422,2526;500,116
326;7;0,5323;0,9686;13,7;13,6667;13,0294;13,6061;1,7638;1,5796;10,1231;0;0;39,2;54,5;44,4;23,4;90,6;474,0444;525,5042
327;7;0,0535;0,9092;13,8889;13,7059;13,6897;12,8889;1,5834;1,5068;5,3053;0;0;55;10,6;50,8;80;83,7;479,961;468,6491
328;7;0,317;1;13,5789;12,95;12,7667;13,1071;1,8477;1,5543;5,6538;0;0;61,1;5,7;6;62,3;42,3;525,6677;546,4134
329;8;0,7344;1;12,9412;13,4286;13,8148;12;1,8807;1,5309;5,9;0;2;0;9,9;3,6;32,4;58,2;441,5414;545,8968
330;8;0,6152;1;12,8333;13,1111;13,7407;11,6216;1,5549;1,5392;4,2333;5;7;3,4;3;1;6,6;92,2;404,0773;467,4629
331;8;0,03;0,9551;12,6;13,4118;13,9167;11,7027;1,5917;1,4388;2,8;0;7;93,8;0,3;0;0,1;68,8;366,5333;469,1401
332;8;0;0,886;12,4737;13,2778;13,9167;11,6842;1,5479;1,4667;2,425;0;5;93,3;18,6;0;0,1;68,2;362,2309;460,22
333;8;0,4099;1;12,2222;12,8125;13,625;11,9355;1,2582;1,259;7,225;0;3;18,1;14,5;0;4;4,2;367,5712;354,0622
334;8;0,708;1;12,3333;12,8125;13,6957;11,9333;1,2327;1,2437;6,8625;0;4;17,6;15,7;0;4,7;3,9;379,5336;358,2418
335;8;0,3028;1;12,9412;13,2632;13,913;12,129;1,3712;1,2698;7,6875;0;5;18,2;4,8;4,1;0;87,9;409,3517;419,7744
336;8;0,1812;1;11,9;12,9375;13,6;11,5;1,4139;1,4527;9,2571;0;12;32,4;0;0;2,7;19,4;399,0258;419,7319
337;8;0,5021;1;12,0556;13;13,76;11,7647;1,4872;1,4391;8,1571;0;8;42;0;0,6;2,8;16,2;353,6672;453,335
