Sample;CLUSTER;IWS_R1-R2;IWS_V12-R1;MOYDAY_R1-R2;MOYRG_V7-V12;MOYRG_VE-V7;NBDMAX1_R2-R6;NBDMIN1_R1-R2;NBDMIN1_R2-R6;NBDMIN1_V12-R1;NBDMIN1_V7-V12;SUMH2O_R1-R2;SUMH2O_R2-R6;SUMH2O_S-VE;SUMH2O_V7-V12;SUMH2O_VE-V7;SUMRG_R1-R2;SUMRG_R2-R6;SUMRG_V12-R1
1;1;0,2964;0,011;12,8696;16,7154;13,6814;0;2;4;4;3;41,9;76,4;11,6;48;251;387,1091;554,2265;428,3752
2;1;0,3875;0,0059;12,7273;17,0842;16,5183;0;0;0;0;1;41,1;49,8;23,5;10,3;133,5;390,676;544,4456;421,8761
3;1;0,0598;0;13,4211;15,7963;16,408;0;0;4;5;0;54,4;29,8;5,5;90,5;46,9;337,684;627,2852;419,5372
4;1;0,544;0,0087;13,5263;17,9338;15,1332;0;0;5;6;1;40,8;29,7;3,7;148,5;100,1;321,4195;664,9175;398,2709
5;1;0,1627;0;13,3889;16,9642;15,5918;0;0;5;5;1;44,9;29,6;6,9;196,5;60,2;328,7365;625,621;408,2609
6;1;0,048;0,0019;13,0526;16,9627;13,9416;0;0;4;2;2;44,7;44;1,3;31,7;347,2;323,6771;620,654;427,0673
7;1;0,2825;0,0315;12,5909;18,2933;13,6814;0;2;8;2;5;50,9;75;11,6;48;251;376,3912;599,0645;382,4672
8;1;0,4515;0,0144;12,7619;17,4449;16,5183;0;0;7;0;1;17,8;51,9;23,5;11,1;133,5;404,8117;575,0086;400,3906
9;1;0;0;12,95;14,3626;13,3384;2;2;0;4;2;126,1;221,7;2;33,2;285,6;309,2836;586,8925;434,7187
10;1;0;0;12,8421;17,4667;15,1966;2;2;1;2;3;77,2;146,6;33;17,4;269,9;333,752;590,1156;427,0964
11;1;0;0,0127;13,4444;23,0741;15,3347;0;3;5;4;4;104,1;12,3;12,4;24;167,5;313,2842;686,4656;443,9023
12;1;0,0724;0,0072;13,3684;16,4892;16,408;0;0;4;4;1;52,3;32,6;5,5;172,8;46,9;320,427;637,0632;400,4374
13;1;0,3454;0;13,4583;21,7259;15,5678;0;6;9;2;5;26,9;32,4;0;72;95,9;424,0674;631,1743;335,5164
14;1;0,2412;0,0053;13,3684;16,7249;15,5918;0;0;5;4;2;37,9;32,3;6,9;225,3;60,2;307,6607;623,1402;410
15;1;0,0112;0;12,8095;16,0205;14,1356;2;4;2;2;3;46,8;147,7;9,3;47,7;170,8;369,1411;561,3498;429,6233
16;1;0;0;12,9048;15,361;13,3384;2;2;2;2;4;126,1;192,1;2;33,2;285,6;341,0474;588,7429;408,0582
17;1;0;0;12,8421;18,5448;15,1966;2;2;3;2;3;77,2;147,2;33;17,4;269,9;343,12;605,2212;409,7117
18;1;0;0,0124;13,45;21,8639;15,3347;0;5;4;2;6;49,8;17,2;12,4;29,3;167,5;361,633;653,7874;403,2029
19;1;0,0684;0;12,75;18,3748;13,8995;2;4;4;2;2;46,7;149,8;9,3;40,9;177,6;369,5195;583,1309;398,4772
20;1;0,0907;0,0225;13,2105;16,9618;14,7917;5;0;1;1;1;99;187,3;22,1;20,8;136,5;369,544;710,7545;434,7364
21;1;0;0;12,7895;19,0062;15,1966;2;2;6;2;3;82,4;127,4;33;25,6;269,9;364,4212;649,9354;361,6474
22;1;0;0,0063;13,4211;22,3199;15,6376;0;5;11;1;5;39,7;36,7;12,4;25;171,8;340,47;732,4614;385,4671
23;1;0,0255;0;13;17,7791;15,0997;5;0;1;1;0;101,1;151;22,1;14,3;143,1;368,3506;714,0053;414,1955
24;1;0;0;12,9444;18,5771;14,191;8;4;6;3;3;99,7;145;16,1;28,9;99,3;341,6706;716,0735;404,1338
25;1;0;0;13,0625;16,2774;13,5811;12;1;1;1;0;93,2;207,5;3,9;64,3;107,7;283,4136;744,4422;366,4818
26;1;0,55;0,1979;13,0625;16,2774;13,5811;12;1;1;1;0;68,2;104,5;3,9;64,3;107,7;283,4136;744,4422;366,4818
27;1;0;0;12,8235;15,4405;15,36;7;0;1;2;2;101,3;220,4;106,9;61,5;153,4;286,6712;721,7302;399,8185
28;1;0;0;12,8235;18,7009;14,191;8;4;7;2;4;55,9;145;16,1;38,2;99,3;334,7262;715,9284;367,4909
29;1;0;0;12,9444;18,4278;15,0538;8;0;0;0;0;104,4;173,6;28,3;41,9;130,2;360,0083;711,3049;432,9281
30;1;0;0;12,875;16,413;13,7268;12;1;2;1;0;76,6;92,9;18,7;56,3;113,8;275,9515;708,1272;399,1363
31;1;0,4406;0,3128;12,875;16,413;13,7268;12;1;2;1;0;76,6;92,9;18,7;56,3;113,8;275,9515;708,1272;399,1363
32;1;0;0;13,0625;15,416;14,7423;11;1;1;1;0;85,5;153,9;17,1;110,5;111,7;283,4136;729,4889;366,4818
33;1;0;0;12,8235;15,2995;15,36;7;0;2;2;2;100,4;220,4;106,9;61,5;153,4;302,342;718,0661;401,8342
34;1;0;0;12,7778;19,8452;14,191;8;3;14;1;6;68;156,8;16,1;78,2;99,3;355,306;720,95;311,6999
35;1;0;0;12,8125;17,2436;13,7268;12;1;2;1;0;83,5;86;18,7;86,3;113,8;267,088;706,3988;399,3239
36;1;0;0;12,875;15,0564;14,7423;12;1;1;1;0;86,9;209,3;17,1;120,8;111,7;260,9143;747,4871;388,5743
37;1;0;0;13,5;21,9728;15,7393;0;3;5;3;3;83,3;12,3;15,2;25;169;320,3118;661,365;433,8108
38;1;0,1458;0;13,08;16,1073;18,5771;0;0;0;0;1;54;34,1;2;61,9;137,3;363,3707;337,779;378,139
39;1;0,6011;0,0014;12,3333;15,3029;19,4517;0;2;31;1;0;32,5;60,2;17,6;31,5;131,6;299,1053;389,9891;413,3261
40;1;0,2658;0;13,5;18,7649;16,1814;0;0;1;0;0;25,1;140,6;1,1;100,5;125,2;368,4071;432,1566;430,366
41;1;0,4833;0,1327;11,8095;20,2637;14,1478;0;0;30;7;0;54,4;19,5;1;0,3;51,8;212,6585;381,9226;366,6744
42;1;0,6274;0,0003;12;13,3076;17,2601;0;5;25;8;5;20,7;45,7;6,1;37,8;48,2;318,5849;384,7576;372,6684
43;1;0,4414;0,0252;12,6667;17,095;16,2217;0;0;0;0;1;40,2;12,1;22,9;10,3;135,4;373,8542;326,1053;444,2252
44;1;0,1864;0;12,9565;17,6665;14,289;0;4;0;5;3;34,4;31,7;47,9;61,3;164,3;374,926;363,2036;407,4563
45;1;0,0302;0;13,0435;18,5976;14,1711;0;7;1;4;3;36,1;15,7;4,2;83,3;201,2;381,811;359,6803;387,5389
46;1;0,4403;0;13,5417;19,6424;16,1814;0;1;0;0;0;26,7;137,2;1,1;121,4;125,2;361,3853;375,0822;404,2282
47;1;0,6949;0,0074;13,2308;19,7058;17,0138;0;6;1;4;2;38,3;55,8;2,3;179,5;155,7;363,3455;367,1741;347,4446
48;1;0,2629;0,0795;13,4762;23,1505;16,6138;0;2;4;4;3;68,3;91,2;0;49,4;146,6;346,3456;427,9727;380,6266
49;1;0,0409;0;12,9583;18,1971;15,7244;0;2;0;2;3;33,2;66,2;0,2;59,6;97,3;340,4495;372,5262;355,6181
50;1;0,5145;0,0229;12,7619;17,4449;16,2217;0;0;0;0;1;17,8;39,8;22,9;11,1;135,4;404,8117;300,991;400,3906
51;1;0,2221;0,0022;12,8261;18,3256;14,289;0;4;0;4;4;44,7;21,3;47,9;61,3;164,3;367,6165;349,8955;390,4668
52;1;0,0544;0;13;17,9424;14,1711;0;7;1;4;3;36,1;15,7;4,2;83,3;201,2;381,7735;357,3814;382,8553
53;1;0,132;0,0008;13,1;17,9722;15,8697;0;4;2;4;5;23,2;20;33,7;5,9;165,3;384,7428;381,8783;417,5363
54;1;0,0113;0;13,4444;21,6786;14,9518;0;2;4;4;4;104,1;9,3;5,9;29,8;174,1;315,6289;443,0178;445,4194
55;1;0;0;13,15;24,8038;16,8877;0;4;1;3;3;106,5;43,1;36;72,9;195,4;386,8409;499,4438;401,1642
56;1;0,5339;0;13,36;19,5116;16,1814;0;1;0;0;0;28,9;130,2;1,1;132,3;125,2;352,4897;374,5688;409,4032
57;1;0;0,0187;13,4444;22,1982;15,3347;0;3;3;4;4;104,1;9,3;12,4;28,1;167,5;313,2842;437,283;433,0904
58;1;0;0;13,7;21,3505;20,0952;2;1;2;3;3;76,9;110,3;1,8;120,3;51,9;330,745;374,2934;380,9995
59;1;0,2356;0,1145;13,4545;22,2833;16,6138;0;2;4;3;4;67,7;91,2;0;60,6;146,6;375,7046;407,2367;334,4188
60;1;0,0777;0;12,84;17,4304;15,7244;0;2;0;1;4;29,8;57,7;0,2;68,1;97,3;339,1762;360,6232;362,5798
61;1;0,1572;0,0022;13,3333;16,8472;15,0802;5;0;0;1;1;100,9;87,1;22,1;34,7;122,4;347,2124;473,6272;424,6758
62;1;0;0;12,7;16,3987;14,1235;4;4;0;2;3;93;51,3;8,8;99,3;139,6;363,3682;381,3962;428,9879
63;1;0,0569;0;12,8421;19,1417;14,5041;2;2;0;2;3;17,2;8,8;28,8;17,4;274,1;343,12;378,0799;409,7117
64;1;0,2248;0;13,0476;18,3328;15,8697;0;4;3;3;6;26,6;16,2;33,7;5,9;165,3;399,0064;396,0385;412,3433
65;1;0;0,0044;13,5;21,2337;14,9518;0;3;3;3;5;83,3;9,3;5,9;35,1;174,1;320,3118;470,5888;433,8108
66;1;0;0;13,0476;25,1524;16,8877;0;4;1;2;4;98;42,3;36;72,9;195,4;409,7315;503,987;391,9504
67;1;0;0;13,0952;25,1817;16,4057;0;4;1;2;4;98,6;43,1;12,6;72,9;223,6;413,0467;507,5334;395,3603
68;1;0;0,0124;13,45;21,8639;15,3347;0;5;2;2;6;49,8;5,8;12,4;29,3;167,5;361,633;430,9326;403,2029
69;1;0,0158;0;12,9444;18,3495;15,0997;2;0;1;1;0;101,1;50,9;22,1;50,2;143,1;390,9776;434,4332;398,93
70;1;0,0095;0;12,7647;22,0581;22,9704;4;3;4;2;4;36,9;100,2;27,5;81,7;98,2;356,9818;512,9258;432,6365
71;1;0;0;13,4444;20,8737;15,3871;0;3;3;4;6;104,9;15;45;87,2;223,9;313,2842;458,0363;443,9023
72;1;0,2698;0,3074;13,04;18,7365;21,2446;0;2;11;1;0;35,3;88,3;51,4;3,1;65,3;343,4746;654,1942;424,4818
73;1;0;0;13,5556;17,0749;19,6061;0;1;21;6;3;103,9;210,1;14,6;45,5;80,8;311,5829;602,2634;362,4185
74;1;0;0;13,4091;20,2391;19,9207;0;5;17;2;0;25;82,8;27,1;0,2;81,6;330,75;637,4329;376,9715
75;1;0,338;0,2445;12,8333;17,2354;21,2446;0;3;11;0;1;28,8;88;51,4;3,8;65,3;344,642;670,9936;410,0681
76;1;0;0;13,4444;17,3103;19,6061;0;1;25;4;5;208,3;84,4;14,6;47,1;80,8;345,514;580,9878;308,5628
77;1;0,3564;0,5103;12,5385;18,207;17,5779;0;3;13;1;3;111,6;157,3;65,6;8,4;64,2;366,9667;300,276;348,8112
78;1;0;0,0138;12,3333;17,4521;17,4892;0;6;76;1;4;101,5;215,2;61,1;7,8;92,5;384,2971;418,2116;348,9253
79;1;0,232;0,1134;13,0833;17,2797;20,5646;0;0;0;1;0;54,1;57,8;36;26;79,1;369,8813;474,84;386,7617
80;1;0,0288;0;13,2174;14,5168;18,2784;0;1;7;1;0;38,8;53;35,7;82,8;93,7;360,2081;460,714;387,7355
81;1;0,0395;0;13,2273;11,5838;18,9438;0;0;5;0;1;33,9;87,3;9,8;51,9;60,9;326,3634;475,7508;411,566
82;1;0;0;12,6923;14,7156;16,5968;0;5;24;5;3;44,4;71;166,9;12,4;13,3;357,1542;379,4846;357,3058
83;1;0,5051;0,1237;12,6522;18,4507;20,1078;0;1;1;1;0;43;32,8;39,1;13,3;134,1;297,5962;385,0938;386,2386
84;1;0,3578;0;13,65;22,1821;20,5331;0;1;4;3;0;16,2;21,7;18,6;0;78,4;303,7417;393,7777;375,5876
85;1;0,2746;0,1027;12,9167;16,6662;20,5646;0;0;1;1;0;49,5;54,6;36;29,9;79,1;385,3206;425,1794;377,0946
86;1;0,3314;0,2735;12,875;16,8584;21,2446;0;3;1;1;0;29,9;63,6;51,4;3,8;65,3;336,7379;416,4793;429,102
87;1;0,3704;0,4256;12,76;19,6823;18,8299;0;8;4;3;1;31,8;45,9;60,5;2,7;68,6;345,9571;368,3894;398,6276
88;1;0,1896;0;13;16,8841;18,2784;0;2;6;0;1;28,9;76,7;35,7;82,8;93,7;383,1743;396,9799;351,3715
89;1;0;0;13,4286;20,516;22,1593;0;6;13;1;1;121,3;121,9;16;31,4;67,7;382,0748;480,4283;436,3247
90;1;0,0022;0;13,0833;15,0737;19,4191;0;3;15;2;2;61,6;42,8;15;68,4;71,2;357,1506;456,8166;350,5414
91;1;0;0;13,3333;17,6176;20,4963;0;2;6;2;2;82,8;31,2;27,1;14,2;104,2;358,6385;462,632;390,0938
92;1;0;0;13,1739;14,1335;19,5043;0;1;7;1;2;94,6;27,7;9,9;47,4;58,5;336,8858;445,986;354,1842
93;1;0,0001;0,008;12,75;15,6029;18,3837;0;2;25;5;4;35,7;40,2;43;83,4;144,2;375,9012;432,9576;342,5411
94;1;0,149;0;13;15,3802;18,9438;0;0;5;0;1;23,4;75,9;9,8;53,2;60,9;341,901;420,709;367,6216
95;1;0;0;13,1818;14,6936;18,9751;0;0;7;1;1;34,8;85,7;20,9;41,6;60,5;295,3912;426,2785;421,6925
96;1;0;0;13,619;22,2523;20,1797;0;3;5;2;0;21,8;43,7;33,6;0;83,8;344,3785;393,0044;385,9391
97;1;0,5235;0,1344;12,6087;18,4766;20,1078;0;2;1;0;1;44,6;39,1;39,1;13,3;134,1;306,157;387,8258;353,0534
98;1;0,4489;0;13,5714;21,2453;20,5331;0;3;5;3;0;16,2;25;18,6;0,4;78,4;336,3952;390,0881;378,8366
99;1;0,3421;0,1176;12,875;17,5314;20,5646;0;0;1;0;1;47,8;54,1;36;30,1;79,1;400,8348;418,7506;356,1354
100;1;0,3236;0;13,5556;24,6692;20,77;0;3;8;1;2;20;84,7;15,9;12,5;67,6;358,5654;428,6174;351,3121
101;1;0,0402;0;13,5556;22,6541;21,9704;0;0;3;3;1;77,9;95,1;33,7;47,1;71,2;353,0527;456,6521;446,0692
102;1;0,2759;0;12,875;16,3925;18,2784;0;2;7;0;1;24,1;118,7;35,7;99,4;93,7;386,6263;391,7952;337,5986
103;1;0;0;13,35;21,1712;21,9649;0;2;15;5;0;87,8;91,7;5,5;82,9;41,9;354,8279;517,7783;401,6689
104;1;0;0;13,1905;16,4277;20,4963;0;2;7;2;2;83,3;32;27,1;17,2;104,2;330,9664;476,9633;412,3235
105;1;0;0;13,2273;14,9342;19,5043;0;1;13;0;3;42,2;45,5;9,9;47,6;58,5;335,2651;467,4326;336,0395
106;1;0,0274;0,0046;12,6667;15,4673;18,3837;0;2;25;2;7;35,2;40,4;43;86;144,2;381,2303;399,5921;318,514
107;1;0,0048;0;13,1818;15,1976;18,9751;0;0;10;1;1;31,1;85,7;20,9;41,6;60,5;296,4283;429,3713;406,332
108;1;0;0;13,4706;17,0675;19,6061;0;1;2;4;5;202,5;54,7;14,6;56,7;80,8;327,9467;345,0902;312,9466
109;1;0,3638;0;13,4211;24,2213;20,77;0;2;8;2;2;71,3;33,4;15,9;15;67,6;344,0081;448,5694;363,1892
110;1;0;0;13,0526;18,324;20,5757;0;0;1;0;0;46,5;84,7;3,2;96,1;178,7;316,5034;531,9133;374,7823
111;1;0,0622;0;12,9091;21,2048;19,8196;0;1;0;1;1;48,3;50,3;42,8;32;73,8;326,353;370,1686;407,758
112;1;0;0;13,4091;21,0573;21,8516;0;8;15;1;1;114,2;130,6;16;31,4;67,7;389,7281;482,1034;412,295
113;1;0,0502;0;13;22,3412;19,8196;0;1;0;1;1;38,8;57,9;42,8;24,2;73,8;313,3933;397,8198;405,3215
114;1;0;0;13,3333;19,8466;21,9649;0;2;11;5;0;103,2;88,8;5,5;82,9;41,9;341,4294;520,3098;431,2746
115;1;0;0;14,125;12,1444;18,4388;3;0;1;2;1;72,3;65,4;21;45,6;110,7;341,7386;704,2554;458,7786
116;1;0;0;14,1875;14,0386;18,4388;3;0;3;1;2;72,3;80,5;21;45,6;110,7;338,409;757,5242;434,8937
117;1;0,4098;0,0068;13,1111;24,7128;17,0888;0;0;1;0;3;41,1;50;46,6;22,1;76,6;355,5216;403,6709;490,4928
118;1;0,4522;0,0331;12,8333;24,592;17,0888;0;0;1;0;3;47,8;43,3;46,6;22,5;76,6;328,9723;404,3848;497,0513
119;1;0,4047;0;13,3529;23,5563;16,9133;0;1;12;0;2;21,1;50,8;27,1;14,6;191;360,702;433,7608;437,4122
120;1;0,3681;0;14,4375;17,4349;18,5931;2;0;0;0;3;12,3;10,1;13,2;44,2;74,7;358,186;431,1425;419,6416
121;1;0;0;14,0625;16,5751;20,8678;2;0;0;0;0;65,1;80,5;0,9;54,4;74,2;405,7049;480,3739;424,201
122;1;0,494;0;14,2667;19,0637;18,5931;2;0;0;0;3;12,4;10;13,2;44,2;74,7;348,0358;475,411;397,354
123;1;0;0;14,375;19,5854;18,7585;2;0;0;0;3;73,4;122,8;27,5;82,1;148,3;369,7567;449,635;409,7556
124;1;0,0113;0;14,1333;19,7205;18,1814;2;0;0;0;3;16,8;10,8;0,1;2,9;135,7;343,8349;451,2971;396,054
125;1;0,155;0,0492;13,25;21,1267;17,1816;0;0;13;3;3;73,5;153,2;57,8;8,7;155,9;370,1912;442,5368;384,6064
126;1;0,1299;0;12,875;16,0755;15,3926;0;3;26;1;2;29,8;83,1;0,1;2,5;142,3;381,0978;411,3144;306,1951
127;1;0;0;12,4348;14,8597;15,4189;0;4;28;0;2;41,5;120,7;11,6;3,1;152;352,4306;433,2535;299,4926
128;1;0;0;12,4615;15,1613;16,3588;0;7;48;0;2;50,2;181,7;1,6;13,2;181;371,1103;434,3479;315,5796
129;1;0,5061;0;13,8125;22,1901;18,5729;0;0;0;0;4;97,3;95,4;22,2;57,1;119;380,8069;487,125;393,2935
130;1;0,0033;0;14,375;22,0451;17,758;0;0;2;0;3;67,4;66,1;7,3;19,9;108,1;378,0878;438,1139;378,7088
131;1;0,0166;0;14,125;22,9982;18,2503;0;1;1;0;0;95,2;45,8;16,7;34,5;112,3;364,3531;443,2349;404,001
132;1;0,06;0;13,2222;23,5047;19,4706;0;0;9;5;0;32,8;87,5;26,7;77,9;112,2;322,7267;465,0142;424,678
133;2;0,8952;0,0719;13;13,6328;14,845;0;6;16;7;5;5;72,8;6;16,9;32,1;338,0987;585,4064;474,6481
134;2;0,9155;0,2001;12,8095;17,1019;15,9311;0;1;12;2;3;25,4;51,3;6,5;0,8;94,4;372,591;597,7519;430,655
135;2;0,9763;0,5771;12,5714;16,8497;14,5225;0;6;17;6;8;20,7;72,4;11,3;0,6;151,4;374,1937;574,2004;396,711
136;2;0,9934;0,6363;12,8;17,3597;16,6402;1;4;11;3;6;12,7;78,7;4,3;1,4;95;374,5228;541,0998;365,3068
137;2;0,9357;0,2962;12,8;20,1246;15,9311;0;1;18;0;5;29,2;69,5;6,5;1,2;94,4;360,2509;622,0512;352,831
138;2;0,9044;0,0689;13,9375;20,6164;17,8201;2;1;7;3;2;22,9;70,2;0,8;72;128,6;301,1029;625,603;381,0038
139;2;0,9269;0,1503;12,9474;16,4828;13,7018;3;0;3;3;1;16,7;89,1;2,1;21;277,6;344,4415;635,2085;422,1464
140;2;0,9569;0,1872;13,8125;21,5388;17,8201;2;0;7;4;2;26,8;66,3;0,8;72,1;128,6;288,0389;652,2426;360,3251
141;2;0,9581;0,2668;12,8421;17,0611;13,8131;3;2;3;3;1;16,7;91,2;2,1;13,4;285,2;331,0254;672,6499;436,4838
142;2;0,9086;0,2885;13,4706;22,6814;17,4865;2;0;7;4;1;58,9;39,5;0,8;54,5;148,4;266,0159;710,2879;365,4302
143;2;0,9616;0,469;12,8333;19,1449;14,2956;3;2;9;2;2;16,7;93;2,1;4,2;296,9;351,0886;722,2064;360,81
144;2;0,775;0,1959;12,3043;14,7305;19,3025;0;0;13;0;0;31,5;22,2;6,6;32,6;106,8;304,2425;379,7312;406,3334
145;2;0,9478;0,1535;13,12;18,7502;16,2114;0;2;0;0;0;16,9;97,8;0;6,2;96,1;332,2249;395,2184;360,9778
146;2;0,8265;0,0096;12,9091;20,8298;18,0116;0;0;0;0;0;26,9;41,1;3,2;28,6;92,6;326,3692;362,5009;340,3336
147;2;0,9916;0,3368;12,5238;15,4588;13,9703;0;2;7;2;3;16,2;41,8;5,1;0,3;34,4;326,2475;350,87;326,0531
148;2;0,9087;0,4033;12,7273;18,135;14,0919;0;2;2;0;5;30,4;13,2;43,8;48,5;162,3;386,7595;354,9719;423,0612
149;2;0,9646;0,72;13;17,0525;16,584;0;0;0;1;1;19,8;48,6;7;2,6;22,6;353,1866;367,2594;442,0584
150;2;0,9286;0,2558;12,7619;19,1043;16,109;0;1;3;1;4;29,1;46,6;6,5;1;94,4;371,912;333,8629;379,3871
151;2;0,821;0,1668;12,6667;16,2188;15,3873;0;2;3;4;6;34;56,9;7;2,4;106,4;378,0497;327,1162;391,9478
152;2;0,9889;0,1454;13,32;18,3638;16,2697;0;5;2;2;3;13,5;32,2;0;192,7;51,9;386,8258;380,7086;415,5588
153;2;0,7111;0,1056;13,3636;20,293;16,5565;0;4;4;5;3;50,8;27,7;2,8;77;52,1;374,602;412,7346;432,9842
154;2;0,9909;0,2644;12,913;17,8856;16,2114;0;2;0;0;0;13,9;97,9;0;15,8;96,1;307,3792;344,7533;380,8498
155;2;0,9301;0,1275;12,55;19,7602;18,0116;0;0;0;0;0;28,7;35,4;3,2;29,7;92,6;288,2578;337,955;359,7563
156;2;0,8753;0,0659;12,8;18,957;14,1174;1;5;1;3;6;11,8;3,4;40,5;18,7;191,8;367,9164;372,8351;429,5038
157;2;0,9119;0,0617;12,65;19,3182;15,4892;0;6;7;5;14;8,4;76,6;46,3;23,2;129,9;368,7628;330,1877;367,2364
158;2;0,9095;0,492;12,5909;18,5316;14,0919;0;2;2;0;5;30,5;13,1;43,8;48,5;162,3;378,4223;335,4062;416,3029
159;2;0,9689;0,8199;13;17,9157;16,584;0;0;0;1;1;16,4;46;7;2,6;22,6;366,5686;363,6918;391,657
160;2;0,943;0,3361;12,7143;20,1246;16,109;0;1;4;0;5;29,2;46,5;6,5;1,2;94,4;366,9358;341,001;352,831
161;2;0,9234;0,0889;13,9375;20,6164;17,8201;0;1;5;3;2;22,9;47,7;0,8;72;128,6;301,1029;397,8914;381,0038
162;2;0,771;0,1132;13,4091;20,6073;16,5565;0;4;4;4;4;31,9;27,7;2,8;81,9;52,1;388,4756;408,6695;392,3924
163;2;0,9086;0,0939;12,8095;19,224;14,1174;1;5;1;3;6;10,9;3,4;40,5;27,4;191,8;381,9658;380,2763;395,6706
164;2;0,9982;0,4639;12,9048;16,3181;15,4134;0;6;0;3;6;8,9;16,4;12,7;47;40,8;361,9728;374,0368;445,7279
165;2;0,9533;0,15;13,8824;21,1793;17,8201;1;0;5;4;2;26,8;44,5;0,8;72,1;128,6;308,7306;418,0824;366,9246
166;2;0,7244;0,357;14,2;21,6892;20,8826;4;2;3;3;0;101,9;41;16,4;7,3;13,7;326,7774;662,3734;355,2142
167;2;0,9713;0,5626;13,6429;22,6113;23,1113;0;0;5;4;0;14,4;50,1;16,9;7,2;48,5;312,4282;608,4238;417,9787
168;2;0,9454;0,8291;13,0952;24,6964;18,9707;0;1;19;4;2;26,9;95,3;87,5;0,2;74,7;276,8605;703,2614;383,5901
169;2;0,6203;0,4092;14,2;23,1783;20,8826;3;0;3;5;0;101,9;48,6;16,4;8;13,7;335,5096;646,4977;367,2446
170;2;0,9816;0,3158;13,8462;22,8122;23,1416;3;0;1;1;4;17,1;34,5;4;19,2;12,9;284,449;603,6952;336,8747
171;2;0,4838;0,54;14;21,7128;20,8826;1;0;7;5;0;100,5;48,6;16,4;19,3;13,7;337,9068;664,9254;366,1988
172;2;0,609;0,0431;14,0625;20,8886;21,9242;7;1;0;2;1;24,3;28,3;0,2;10,5;17,4;372,6014;641,5535;369,0335
173;2;0,7019;0,0355;14;22,6179;21,6175;7;1;0;2;1;26,6;26,9;0,2;16,7;17,4;352,1336;693,4021;359,3743
174;2;0,9164;0,5612;12,4762;26,9211;21,1011;0;1;7;0;0;65;9,4;71,3;11,1;192,5;432,3344;438,565;440,158
175;2;0,6502;0,6077;12,92;16,3608;17,2724;0;1;18;2;4;52,7;129,6;41,4;12,3;59,5;389,4368;385,605;377,2256
176;2;0,8423;0,0697;13,2857;19,9914;20,3939;0;3;3;2;0;23,4;48,3;24,5;3,2;100,6;301,9846;379,2992;378,5746
177;2;0,9848;0,3669;13,2632;24,6722;20,9381;0;1;5;2;1;11,1;52,5;37,7;0,1;60;279,8399;389,299;344,5895
178;2;0,8209;0,1041;13,0455;19,2128;20,3939;0;3;3;2;0;49,5;22,4;24,5;4;100,6;326,7472;342,5558;379,0994
179;2;1;0,438;13,0952;21,7969;20,9381;0;2;7;2;1;11,1;54,8;37,7;6,1;60;307,0807;410,5814;359,5658
180;2;0,9979;0,8045;13;23,8096;19,1496;1;0;4;1;2;8,6;15,9;38,8;3,6;79,1;269,005;474,7363;376,3645
181;2;0,7299;0,3213;12,9286;26,7455;19,9836;2;0;0;0;1;41,5;60,6;38,9;59,3;212,7;352,0487;487,7788;376,8458
182;2;0,7904;0,1378;13,8125;26,4001;17,4672;1;0;6;0;5;40,5;66,2;9,9;0;207;319,9849;662,3435;385,115
183;2;0,9919;0,3548;13,1429;21,7508;17,1977;0;1;12;0;0;14,4;31,2;11,6;14,9;96,9;367,4927;623,9862;505,6495
184;2;0,9836;0,4938;14,3125;13,0651;19,2357;4;1;4;4;2;15,3;52,6;0,7;25,1;106,9;380,4257;625,7599;464,9742
185;2;0,9817;0,6045;13,8;14,6328;18,3567;3;0;6;9;2;16,5;56,3;14,3;13,5;86,9;364,3232;650,808;537,7165
186;2;0,2012;0,906;14,1765;15,5062;24,2436;0;0;1;7;1;40,4;19,7;5,8;15,2;31,1;329,6023;641,2241;405,4838
187;2;0,9926;0,1664;14,2353;13,7907;18,6799;5;0;0;3;0;8,6;58,9;41,2;44,1;158,9;395,2105;671,0814;453,2321
188;2;0,8394;0,2358;13,6667;26,9537;17,4672;1;0;8;0;5;34;66,4;9,9;0;207;342,0781;669,9773;351,2621
189;2;0,9663;0,1621;13,4118;26,0364;16,8796;0;1;14;0;2;10,2;54,9;0,5;0;211,3;360,0882;674,6674;424,6193
190;2;0,9922;0,4946;12,8182;23,603;17,1977;0;1;12;1;0;18;38,2;11,6;14,9;96,9;328,6552;600,2086;490,8856
191;2;0,9832;0,5154;14,5294;19,1144;20,545;7;1;0;4;0;17,5;44,7;2,4;4;41;382,5821;641,3324;407,6035
192;2;0,9828;0,6191;14;13,7914;19,2357;3;0;6;5;2;19,3;48,2;0,7;25,9;106,9;358,8649;647,347;469,2006
193;2;0,4764;0,732;14,3125;14,9409;24,2436;0;0;1;4;4;21,2;19,7;5,8;23,6;31,1;337,7466;623,1298;391,8647
194;2;0,7127;0,1923;13,6154;27,7736;20,5427;1;0;0;0;3;38,3;66,1;0;3,1;89,9;303,4451;592,6234;369,319
195;2;0,9643;0,3201;13,4118;21,7177;17,3272;0;1;14;0;3;7,8;34,9;9,6;0,9;210;374,17;719,5144;411,1672
196;2;0,9831;0,6781;14,375;19,2152;20,545;7;0;1;5;0;17,2;45,6;2,4;4,1;41;355,9457;654,7302;429,718
197;2;0,8113;0,0275;14;22,1224;24,0325;0;0;0;0;0;22,4;15,6;33,9;51,7;28,1;257,36;710,5835;372,006
198;2;0,7546;0,2647;13,3846;27,979;20,5427;1;0;0;0;3;57,1;47,3;0;3,1;89,9;285,5333;661,6879;354,4682
199;2;1;0,503;13,3333;23,4068;16,5435;0;0;10;0;1;1;41,7;7,6;21,9;136,7;334,9066;750,6284;401,6149
200;2;0,9091;0,0632;14,2667;20,1802;18,8122;2;0;1;0;3;17,8;14,8;19,3;31,5;88,6;341,4208;780,5596;398,5736
201;2;0,8528;0,0516;14;22,6374;23,4567;0;0;0;0;0;22,9;14,8;33,9;55;28,3;263,2036;774,0029;345,7321
202;2;0,7242;0,9617;13,8235;15,9963;20,9846;0;2;0;1;1;34,2;64,8;4,8;6,2;40,1;371,7824;388,1452;512,2649
203;2;0,3465;1;13,7059;18,7533;22,116;0;0;0;1;3;96,5;150,4;16;24,2;17,6;324,3409;431,4193;565,529
204;2;0,8987;0,3714;13,9375;21,1897;21,2669;0;0;0;0;1;29,1;130,1;7;3,8;45,3;315,095;396,54;516,8027
205;2;0,7312;0,0134;13,4211;28,1532;15,9897;0;3;13;1;3;18,7;20,9;6,7;0;180,7;385,6954;457,3559;421,1312
206;2;0,6999;1;13,8;18,2611;20,226;1;0;0;2;1;34,5;99,3;0,1;3,8;28,4;344,5096;429,6625;515,263
207;2;1;1;13,8125;19,2086;16,2743;0;0;0;2;1;4,1;62,8;41,1;0,9;94,5;353,9574;403,5521;505,9102
208;2;0,9917;0,5222;12,9524;21,8445;16,714;0;3;23;1;1;15,4;37,4;33,5;0;11,8;302,7103;418,8751;328,6145
209;2;0,7838;0,6319;12,9091;27,0788;19,864;0;7;32;5;2;38,6;62,4;3,7;0;53,3;316,8058;444,4877;337,3808
210;2;0,9086;0,0407;14,1333;16,9677;19,2435;3;0;0;1;6;8,1;45,7;16,9;14,8;94,8;356,2841;446,3611;447,4278
211;2;0,8105;0,4432;12,6;24,149;17,2907;0;0;4;1;0;49,3;38,2;6,1;3,3;71,9;353,4178;386,5338;407,4275
212;2;0,6865;0,0004;14,1875;17,2319;18,0838;1;0;0;0;7;22,4;33,7;19,3;17,7;118,5;368,357;414,9533;395,37
213;2;0,848;0,0627;13,5263;27,7181;15,9897;0;2;13;2;3;18;13,9;6,7;11,7;180,7;380,92;413,1079;444,3152
214;2;0,9581;0,8254;13,8125;24,0483;17,5287;1;1;2;0;6;18,3;70,1;10,6;0;102,2;327,2684;422,5198;404,9309
215;2;0,9929;0,4627;12,9524;23,2078;17,1369;0;0;6;1;0;14,2;16,3;11,6;14,9;96,9;325,6902;380,3112;493,3559
216;2;0,7579;0,0455;13,0476;24,5178;15,8554;0;2;7;3;3;25,5;5,4;19,1;15,3;101;361,4929;406,8029;507,677
217;2;0,7028;1;13,7333;20,9811;20,226;0;0;0;2;1;35,3;98,5;0,1;3,8;28,4;326,1845;381,6212;478,9627
218;2;0,9651;0,4773;13,6667;23,9898;20,927;0;0;10;10;7;28,3;68,3;37,9;8,8;194,3;356,4083;424,3871;418,1623
219;2;0,8493;0,0564;13,8125;21,5352;21,826;1;0;0;10;6;17,3;16,5;0,1;39,9;215,4;374,6642;413,5583;512,9608
220;2;0,9583;0,6102;13,7333;15,0792;17,8957;1;0;3;6;5;24,6;52,7;2,7;17,6;56,1;343,3212;400,9234;537,7097
221;2;1;0,4288;13,875;14,0064;19,6935;2;1;2;7;6;4,1;22,8;4,1;33,4;120,2;373,2584;398,4001;512,248
222;2;0,9774;0,3716;13,8125;16,8763;18,5049;3;2;0;8;3;15,7;17,1;2,3;19,9;23,4;383,8136;397,048;482,0591
223;2;0,9832;0,6765;13,6875;14,3847;18,3567;3;0;2;7;4;16,5;34,9;14,3;19,3;86,9;372,3311;402,3742;511,241
224;2;0,7805;0,8505;14,2;17,8148;21,1977;1;0;2;3;4;56,8;32,5;7,9;1,9;51,9;342,6998;401,3212;438,5394
225;2;0,8921;1;13,625;21,6638;16,2743;0;0;0;1;2;28,1;41,8;41,1;0,9;94,5;333,6588;363,533;470,3994
226;2;0,9498;0,0768;14;17,6978;19,2435;3;0;0;1;6;8,1;45,7;16,9;14,8;94,8;375,5282;412,6738;446,4198
227;2;0,9431;0,2584;13,5294;21,3368;17,3272;0;1;6;0;3;23,4;24,9;9,6;0,1;210;354,7627;426,9452;427,7441
228;2;0,7937;0,5301;12,5789;23,9048;17,2907;0;0;4;1;0;49,3;38,2;6,1;3,3;71,9;333,0846;401,229;393,1844
229;2;0,7899;0,0249;14;18,586;18,0838;1;0;0;0;7;22,4;33,7;19,3;17,7;118,5;342,5105;412,5931;393,3832
230;2;0,962;0,9172;13,75;24,6231;17,5287;1;1;2;0;6;15,5;91,3;10,6;0;102,2;356,706;385,484;369,6743
231;2;0,8166;0,0075;14,1765;17,5291;20,0329;6;2;0;7;0;7;64,5;0;53,9;150,6;401,3222;402,6913;463,5925
232;2;0,984;0,5848;14,4706;19,467;20,545;6;0;0;5;0;17,5;42,2;1,9;4;41;380,8832;377,4478;412,8361
233;2;0,9607;0,5607;13,4667;22,2137;20,927;0;0;12;10;7;30,7;66;37,9;22,3;194,3;326,7785;435,4974;454,3009
234;2;0,9069;0,1136;13,6875;21,3846;21,826;1;0;0;8;8;18,3;22,7;0,1;40,2;215,4;357,8746;397,6268;505,557
235;2;1;0,5192;13,8;14,227;19,6935;2;1;2;7;6;4,3;22,6;4,1;33,4;120,2;328,9424;431,1702;536,3564
236;2;0,9761;0,4616;13,8;16,6155;18,5049;3;0;0;8;5;15,7;17,1;2,3;22,6;23,4;353,4862;401,4396;492,1474
237;2;0,7137;0,8519;14,0714;18,2214;21,1977;1;0;2;1;6;56,6;32,5;7,9;1,9;51,9;324,2999;401,2841;434,9761
238;2;0,5031;0,7107;14,4;15,4845;24,1889;0;0;0;4;4;7;11,8;11,2;24,2;24,5;330,1092;400,8697;375,3194
239;2;0,9649;0,3201;13,4118;21,7177;17,3272;0;1;8;0;3;7,8;34,8;9,6;0,9;210;374,17;449,7937;411,1672
240;2;0,9089;0,0374;14,0588;17,3626;20,0329;6;2;0;6;1;7;74,9;0;55,3;150,6;397,4342;459,2884;489,4996
241;2;0,9847;0,6843;14,375;19,2152;20,545;6;0;0;5;0;16,7;44,6;1,9;4,1;41;372,1439;393,561;440,4715
242;2;0,9285;0,1919;13,625;21,4149;21,826;1;0;3;7;9;17,8;43,7;0,1;49,9;215,4;347,0004;442,3486;496,2794
243;2;0,843;0,014;13,2857;24,5223;20,237;0;0;0;0;0;8,4;26,8;0,5;112,9;91,5;369,0058;576,837;430,8527
244;2;0,9568;0,4416;13;26,5447;19,7947;0;0;0;0;1;23,1;24,2;3,2;44,4;120,2;385,7987;585,652;403,4437
245;2;0,9774;0,3754;13,8;24,0032;20,901;0;0;9;10;7;15,1;81,5;69;7,1;163,2;359,4888;459,3992;442,9303
246;2;0,711;0,0205;13;27,5377;19,4655;0;0;2;0;0;18,6;37,2;26,7;0,1;102,2;325,6358;652,1378;426,9427
247;2;0,9569;0,4292;12,5455;25,6819;19,2358;0;0;7;2;0;27,7;92,6;0,3;2,7;84,3;357,7684;574,6338;408,9816
248;2;0,8154;0,4838;13,5556;24,5978;18,852;0;0;15;2;2;50;134;14,8;0;128,7;314,8754;653,6254;338,7611
249;2;0,961;0,2536;12,7778;26,7716;18,5698;0;0;15;3;1;31;31,3;13,2;12,7;97,9;289,6272;671,6646;416,6892
250;2;0,8204;0,0646;12,65;27,6568;19,4655;0;0;4;0;0;28,6;29,9;26,7;0,4;102,2;304,7828;644,1199;392,6444
251;2;0,9539;0,5634;12,4545;24,4936;19,2358;0;1;14;0;2;33,1;107,6;0,3;3,1;84,3;357,242;570,9845;381,2695
252;2;0,9612;0,2965;13,7333;25,2456;20,5623;0;0;2;5;0;23,5;50,5;19;41,6;85,9;298,6452;646,245;392,7863
253;2;0,7761;0,0442;14,0556;26,3318;21,6549;0;1;2;1;0;19,2;33,3;0,9;3,2;137,9;412,2245;685,075;396,2632
254;2;0,9666;0,2875;14,1667;24,1501;18,7408;1;2;0;3;0;23,8;103,8;63;65;54,4;311,6606;606,0215;394,4066
255;2;0,961;0,2536;12,7778;26,7716;18,5698;0;0;15;3;1;31;31,3;13,2;12,7;97,9;289,6272;671,6646;416,6892
256;2;0,8204;0,0646;12,65;27,6568;19,4655;0;0;4;0;0;28,6;29,9;26,7;0,4;102,2;304,7828;644,1199;392,6444
257;2;0,9539;0,5634;12,4545;24,4936;19,2358;0;1;14;0;2;33,1;107,6;0,3;3,1;84,3;357,242;570,9845;381,2695
258;2;0,9612;0,2965;13,7333;25,2456;20,5623;0;0;2;5;0;23,5;50,5;19;41,6;85,9;298,6452;646,245;392,7863
259;2;0,7761;0,0442;14,0556;26,3318;21,6549;0;1;2;1;0;19,2;33,3;0,9;3,2;137,9;412,2245;685,075;396,2632
260;2;0,9666;0,2875;14,1667;24,1501;18,7408;1;2;0;3;0;23,8;103,8;63;65;54,4;311,6606;606,0215;394,4066
261;2;0,792;0,1351;13,8333;22,0811;16,3595;0;6;5;5;1;35;67,6;1;34,8;106,4;359,851;656,9442;421,0261
262;2;0,8285;0,1573;13,8125;24,9425;21,4978;0;2;6;8;0;37,9;77,7;62,3;64;38,1;367,9196;624,4052;436,671
263;2;0,9727;0,4177;13,6875;25,173;20,5623;0;0;5;5;0;15;66,6;19;41,6;85,9;319,6944;659,9207;377,7926
264;2;0,8716;0,1099;14,1111;26,6411;21,6549;0;1;2;1;0;6,9;29,8;0,9;3,2;137,9;418,1681;702,544;397,2373
265;2;0,967;0,4167;14,2353;22,4129;18,7408;0;1;1;4;0;25;116,8;63;65,3;54,4;311,62;642,6216;416,0822
266;2;0,9499;0,1701;13,2941;24,5807;22,6759;0;2;28;4;2;32,5;38,2;176,3;22,3;222,9;331,0196;839,1413;426,8722
267;2;0,9972;0,2393;13,5882;23,2866;22,8467;0;1;1;2;0;4,7;31,9;0,9;30,5;139,1;362,2608;754,5686;443,0012
268;2;0,6642;0;12,9474;24,5269;22,6213;0;0;4;0;0;21,4;24,2;44,4;101,3;112,3;441,0133;496,0314;495,3107
269;2;0,8124;0,0085;12,9333;22,9429;17,905;5;0;5;0;2;19,4;250,1;33,9;84,7;128,3;329,193;796,288;369,9688
270;2;1;0,368;13,75;27,3905;21,4206;0;0;17;9;1;6,3;50,4;23,9;0;86,7;343,5768;700,7227;477,5645
271;2;0,9973;0,4932;14;23,2786;17,4954;1;1;3;1;3;7;36,2;2,6;19,5;127,3;326,8858;680,9695;467,595
272;2;0,6318;0,9684;13,5455;20,3746;17,298;0;0;2;1;1;79,6;96,5;22,2;3,9;101,1;316,04;446,7265;367,9614
273;2;0,9032;0,7768;13,3636;18,6508;18,3054;0;0;11;0;0;36,3;239,8;33,8;12,1;99,2;323,0521;414,6851;370,5577
274;2;0,9687;0,3606;12,2381;21,2863;21,389;0;6;19;5;2;28,2;32,7;20,2;1,3;60,3;317,5747;437,1692;336,4124
275;2;0,8669;0,9503;13,3333;16,6104;19,9827;0;0;2;1;1;50,6;41,5;22;3,4;133,7;353,2792;430,6723;325,0458
276;2;0,7065;0,9263;13,2727;16,4175;18,7637;0;0;5;1;2;53,5;43,9;14,7;1,7;111,4;338,9616;452,6716;317,1514
277;2;0,9601;0,2595;13,6875;25,9119;18,3369;0;1;3;8;2;25;39,9;48,2;0;157;312,9134;381,7948;459,6926
278;2;0,7781;0,0384;12,8;27,6901;19,4655;0;0;2;0;0;24,8;16,6;26,7;0,1;102,2;305,6461;449,3999;407,2172
279;2;0,5535;0,1921;13,2353;26,838;19,5497;0;0;5;5;1;56,8;33;24,4;1,3;88,3;264,4538;412,0301;406,2618
280;2;0,6216;0,5881;12,95;24,7065;19,878;0;0;4;2;1;26,3;8,2;10,2;0,3;86,3;322,9715;429,2791;344,9945
281;2;0,9833;0,4531;12,1818;19,1809;21,389;0;10;15;4;3;20,6;30,5;20,2;1,8;60,3;349,0175;370,8882;340,4534
282;2;0,9579;0,5161;12,4545;25,7657;19,1807;0;0;4;1;1;28,4;30,1;0,3;3,1;84,3;362,8469;408,9996;367,9715
283;2;0,8212;0,0828;12,6667;26,7821;17,305;0;3;13;3;0;25;11,3;19,1;2,1;86,8;314,834;439,3796;411,349
284;2;0,8263;0,9516;13,4286;15,0477;19,9827;0;0;2;1;1;49,9;35,3;22;9,2;133,7;338,8043;373,9702;351,95
285;2;1;0,4197;13,75;27,033;20,7092;0;0;2;9;2;6,3;41,7;22,7;0,1;95,1;343,5768;390,0128;477,5645
286;2;0,8676;0,0379;13,6471;26,0642;18,107;0;0;1;4;1;15,4;45,1;62,3;23,2;131;335,6294;398,8231;387,7171
287;2;0,7725;0,5592;13,4737;23,8466;18,5829;0;1;4;1;3;61,5;59;18,2;0,3;131,1;334,7456;394,5539;314,7782
288;2;0,8646;0,7393;13,4;24,2521;19,5413;0;0;2;3;2;33;22,7;39,5;1,5;171,6;348,6913;387,617;368,8009
289;2;0,6202;0,9361;13,1364;14,3599;18,7637;0;0;6;0;3;50,3;41,5;14,7;9,4;111,4;337,5731;389,736;335,2201
290;2;0,9463;0,1795;13,4211;22,5587;20,3746;0;1;9;2;3;42,4;38,4;22,6;5,4;120,1;333,8194;448,7526;339,7277
291;2;0,959;0,3401;13,625;26,0021;18,3369;0;1;3;8;2;25;40;48,2;0;157;299,3256;398,569;434,0077
292;2;0,852;0,0818;12,65;27,6568;19,4655;0;0;2;0;0;28,6;12,2;26,7;0,4;102,2;304,7828;446,022;392,6444
293;2;0,9875;0,7818;13,125;25,5336;18,3339;1;1;3;0;1;15,1;21,8;14,5;8,3;91,2;339,7154;405,374;424,4386
294;2;0,9647;0,3076;13,1;24,9194;18,4091;0;2;14;5;1;31,9;10,5;39,9;22,4;52;348,7874;459,5119;428,9051
295;2;0,5449;0,2577;13,1667;25,8223;19,5497;0;0;8;4;2;66,2;24,4;24,4;1,6;88,3;281,1622;427,1195;384,278
296;2;0,7574;0,5372;12,65;23,7725;19,878;0;0;4;1;2;29,2;5;10,2;0,9;86,3;298,4742;432,756;362,4422
297;2;0,9833;0,5899;12,0455;20,412;21,389;0;11;14;5;4;20,3;46,7;20,2;2,3;60,3;345,6047;349,3692;337,8226
298;2;0,9799;0,14;13,5625;22,3669;18,1969;0;2;0;3;3;3,4;41,6;104,8;18,6;119;337,0806;383,7758;417,2623
299;2;0,9617;0,3355;13,7333;25,2456;20,5623;0;0;0;5;0;23,5;32,5;20,4;41,6;85,9;298,6452;396,8694;392,7863
300;2;0,9936;0,5203;13,6875;27,3082;20,7092;0;0;3;9;2;13,8;35,3;22,7;0,1;95,1;332,473;421,1294;447,385
301;2;0,9416;0,1117;13,625;25,9144;18,107;0;0;1;4;1;22;42,5;62,3;23,2;131;294,6539;415,2661;389,3285
302;2;0,8588;0,7458;13,2;21,0419;19,5413;0;0;3;2;3;34,2;27,2;39,5;7,8;171,6;327,0593;389,8886;367,1773
303;2;1;0,9836;14,0588;25,3542;21,2861;0;0;0;5;0;14,3;58,8;55,1;10,7;51,5;325,093;365,7082;431,4506
304;2;0,9804;0,8878;12,9412;26,0727;18,3339;1;1;7;0;1;23,7;14,2;14,5;8,3;91,2;349,1381;471,2465;394,1528
305;2;0,9707;0,4153;12,9048;25,6328;18,4091;0;4;13;4;2;24,2;8,7;39,9;22,5;52;348,1682;492,5884;375,5664
306;2;1;0,2279;13,5;23,3177;18,1969;0;1;0;4;3;3,4;41,6;104,8;18,6;119;331,1622;428,2999;409,5763
307;2;0,9731;0,4177;13,6875;25,173;20,5623;0;0;0;5;0;15;33,2;20,4;41,6;85,9;319,6944;400,6458;377,7926
308;2;0,7201;0,2254;12,9333;22,9865;22,0293;4;1;1;1;0;67,6;63,2;32,7;36,6;133,8;338,3183;542,912;395,7228
309;2;0,6774;0,384;12,5556;24,7766;22,7125;2;2;6;1;2;47,7;36,5;72,7;67,5;93,5;366,9232;560,1031;403,2662
310;2;0,9012;0,606;13,3;20,3442;19,9801;0;1;7;1;3;53,2;73,1;19,1;4,1;114,6;317,6129;416,4782;313,2709
311;2;0,9694;0,2981;14,2105;24,7156;17,6914;1;2;0;3;0;23,8;66,7;59;62,4;58,4;334,0069;382,6663;395,4931
312;3;0;0;13,75;18,8982;18,3968;0;1;7;5;2;150,1;193,3;18,9;202,9;400,5;347,7222;776,9228;430,1204
313;3;0;0;14,4286;27,5202;19,8822;0;0;0;0;0;85,9;100,7;46,8;144,1;203,9;346,2232;620,1943;347,8554
314;3;0;0;13,2;23,7883;22,2266;0;0;11;5;4;111,7;220,9;32;113,3;254,3;369,054;850,9889;422,339
315;3;0;0;12,8235;25,1955;22,1194;0;2;27;2;4;84,9;213,5;32;58,5;321;385,5359;959,4724;348,6154
316;3;0;0;13;25,5114;18,7603;0;4;29;5;0;163,6;308;53,9;61,7;293,8;435,0924;917,4251;416,1082
317;3;0;0;13;24,6427;17,1941;0;5;25;4;1;205;303,7;27;123,9;298,7;395,8074;881,4377;402,0728
318;3;0;0;13,4667;22,2933;20,8395;3;0;3;1;0;150,2;172;13,1;148,1;80,6;317,7821;879,3176;399,7915
319;3;0;0;12,8333;23,382;17,1941;0;5;31;3;2;111,9;289,2;27;181,4;298,7;376,6298;872,5072;399,4826
320;3;0;0;13,8667;28,0951;24,0583;0;0;7;3;0;203,9;173,9;11,3;221,4;148,6;377,0496;884,2493;447,7561
321;3;0;0;13,8571;23,0017;20,4371;1;0;0;0;0;131,3;370,6;6,8;140,2;196,1;352,9462;836,851;379,6481
322;3;0;0;13,0714;27,3442;21,2113;17;0;0;2;5;111;278,3;26,5;183,7;48,1;351,2009;837,6599;412,3573
323;3;0;0;13,6429;26,3927;19,6414;2;0;0;1;1;296,6;474;48,4;241,8;403,4;336,7681;842,8813;398,5222
324;3;0;0;13,9286;23,8249;19,396;0;0;0;0;0;55,3;771,7;4,6;331,6;284,5;355,712;858,8412;374,9101
325;3;0;0;13,5714;21,8166;19,3514;0;0;0;0;0;118,3;528,8;12,7;193,5;157,5;313,0445;830,5326;332,3592
326;3;0;0,001;13,9286;24,8026;20,6547;7;0;0;0;0;149,9;546,4;19,5;140,1;172,9;356,4418;833,4853;348,6348
327;3;0;0;13,8667;28,2082;24,0583;0;1;7;3;0;163,6;186,3;11,3;221,4;148,6;391,19;884,1031;426,3358
328;3;0;0;13,8667;20,4414;17,8869;0;0;0;0;0;226,6;353,8;7,8;193,6;202,8;376,8394;818,3405;374,4097
329;3;0;0;13,7333;23,672;20,4371;1;0;0;0;0;101,9;371,8;6,8;142,8;196,1;362,1942;841,1854;349,3422
330;3;0;0;13;27,1031;21,2113;16;0;0;2;5;90,4;278,3;26,5;321,3;48,1;373,7758;834,8306;387,7787
331;3;0;0;13,5714;25,9716;19,6414;2;0;0;1;1;191,3;479,4;48,4;368,3;403,4;324,553;818,7541;412,0715
332;3;0;0;13,7143;24,395;19,396;0;0;0;0;0;206,8;578,1;4,6;375;284,5;330,2676;835,1014;373,2599
333;3;0;0;13,5;22,5054;19,3514;0;0;0;0;0;122,8;517,3;12,7;216,8;157,5;305,0039;796,8888;308,9794
334;3;0;0;13,7857;25,1928;20,6547;6;0;0;0;0;171,5;548,6;19,5;141;172,9;332,8672;823,3272;346,2275
335;3;0;0;13,6875;28,0874;24,0583;0;2;13;3;0;154,2;184;11,3;237,8;148,6;408,893;899,6749;419,7463
336;3;0;0;13,6;21,8099;17,8869;0;0;0;0;0;126,4;346,8;7,8;197,1;202,8;326,5135;845,023;367,938
337;3;0;0;13,6429;23,9486;20,4371;0;0;0;0;0;56,9;395,1;6,8;212,7;196,1;333,1321;846,1163;354,1586
338;3;0;0;13,6;23,0737;18,0932;6;0;0;0;0;175,7;334,7;1,5;265,5;170,2;323,6904;843,4606;365,9641
339;3;0;0;13,2;27,1695;21,2113;16;0;0;2;5;111;278,3;26,5;183,7;48,1;381,2389;824,4706;413,1252
340;3;0;0;13,7857;24,8609;20,4022;4;0;0;0;0;150,2;308,4;9,6;142,2;181,2;339,975;541,544;345,0834
341;3;0;0;14;24,7076;20,995;11;0;0;0;0;121,8;222,8;1,3;242,8;181,4;356,7085;496,7471;388,9231
342;3;0;0;13,6;23,0737;18,0932;3;0;0;0;0;175,7;208,3;1,5;265,5;170,2;323,6904;519,8411;365,9641
343;3;0;0;13,2;26,3195;23,9712;8;0;0;2;0;64,9;222,8;25,6;124,8;249,2;391,5799;830,2504;373,7977
344;3;0;0;13,7333;26,2612;22,4069;6;0;18;0;2;72,7;125,9;11,3;187,2;141;353,9858;906,2813;369,9695
345;3;0,0309;0;13;26,5935;23,9712;5;0;0;0;2;62;222,3;25,6;179,4;249,2;351,6044;884,9992;347,3978
346;3;0;0;13,5;23,6668;24,0221;5;2;37;4;0;47;228,3;14,3;158,9;142,7;361,6679;999,4972;444,8678
347;3;0;0;13;22,0901;22,4006;4;0;13;0;2;87;168,6;20,9;172,6;98,4;298,881;902,1262;355,3103
348;3;0;0;13,8;27,0032;22,4069;8;0;12;2;0;71,6;126,6;11,3;186,9;141;353,3353;879,0692;385,2688
349;3;0;0;14,1333;24,103;23,8016;6;0;2;4;2;27,3;137,4;75;212,6;134,6;362,8314;807,62;470,0347
350;3;0;0;13,8667;23,7497;19,816;0;0;2;0;2;68,6;200,4;16,5;181,1;149,8;390,7192;889,7486;430,5715
351;3;0;0;13,9333;27,2057;22,7909;4;0;2;0;1;76,2;224,1;16,7;103,9;265;402,5066;919,8227;405,1843
352;3;0;0;13,8667;24,2666;19,816;0;0;2;0;2;108,7;160,3;16,5;181,1;149,8;396,167;897,4584;420,6229
353;3;0;0;13,2857;24,7169;23,038;0;0;1;0;0;244;326,7;59,8;219,7;326,7;306,5569;745,9502;327,7775
354;3;0;0;13,8462;27,7881;23,1166;1;0;0;0;0;98,2;274,1;26,6;171,5;307;331,9736;787,3211;367,0729
355;3;0;0;13,8462;25,1499;22,0661;0;0;0;0;0;102,7;228,3;0,5;143,7;198,7;330,7622;752,4932;375,0059
356;3;0;0;13,7692;28,0988;22,9669;9;0;0;0;0;125,6;275,6;42,7;110,7;284,6;325,9271;770,7647;365,4608
357;3;0;0;13,9286;27,4069;22,7909;3;0;2;0;1;86,9;213,4;16,7;105,6;265;369,054;956,1298;403,5769
358;3;0;0;13,7857;25,0822;22,2444;4;0;0;0;0;140,2;242,6;45,9;213,5;154,6;365,8064;798,4559;337,3452
359;3;0,0213;0;13;28,1543;21,6987;2;0;0;0;0;53,4;215,3;9,4;118,6;205;344,6971;849,2515;395,0539
360;3;0;0;12,8571;24,8387;23,038;0;0;3;0;0;207,6;306,5;59,8;294,9;326,7;303,557;740,4293;326,8447
361;3;0;0;13,9231;28,0155;23,1166;1;0;0;0;0;88,8;207,3;26,6;208,2;307;336,3962;764,3927;346,5472
362;3;0;0;13,9231;25,3923;22,0661;0;0;0;0;0;93,5;276,2;0,5;194,1;198,7;332,1284;706,2664;360,7402
363;3;0;0;13,9231;28,3061;22,9669;6;0;0;0;0;118,2;275,9;42,7;160,6;284,6;339,4267;747,805;342,873
364;3;0;0;13,8571;27,7115;22,7909;0;0;4;0;1;66,4;165,2;16,7;105,6;265;360,9749;945,8086;394,389
365;3;0;0;13,7143;25,002;22,2444;4;0;0;0;0;133,1;267,3;45,9;264,9;154,6;354,3152;776,7094;347,2448
366;3;0;0;13,8571;26,1443;20,6879;7;0;0;0;0;93,1;329,9;0,7;306,4;185,3;344,2745;837,7463;432,0914
367;3;0;0;13,7857;24,7259;22,9222;9;0;0;0;0;113,6;145,7;62,4;201,4;239,8;349,2994;479,3832;354,9089
368;3;0;0;13,9231;28,4804;24,8232;16;0;0;0;0;118,2;82,5;19;167,3;268,8;341,1443;455,8536;327,2695
369;3;0;0;13,7143;25,6709;23,4106;19;0;0;0;0;164,5;75,3;58,2;185,3;160,2;352,7982;480,5438;378,8197
370;3;0;0;13,8571;26,1443;20,6879;5;0;0;0;0;93,1;208,2;0,7;306,4;185,3;344,2745;529,7314;432,0914
371;3;0;0;13,3529;28,6567;21,3896;0;1;22;3;0;167,1;142,6;47,5;75,4;181,3;410,6624;891,8874;408,6007
372;3;0;0;13,7857;27,1978;24,2418;0;0;8;0;0;162,5;307,5;13,1;129,6;168,3;364,9846;903,7195;410,8957
373;3;0;0;13,8;27,3094;24,2418;0;0;13;0;0;162,5;309,5;13,1;134,1;168,3;382,6973;935,7898;408,7177
374;3;0;0;13,8;26,6443;24,2418;0;0;13;0;0;106,6;259,7;13,1;196,1;168,3;379,1398;914,2207;393,3007
375;3;0;0;13,2353;27,0297;21,6042;0;2;20;0;0;115;235,2;27,6;88,8;156,1;382,0943;830,1074;360,2686
376;3;0;0,1806;13,3571;24,1418;24,0908;10;0;0;0;2;236,4;103,6;15,9;101,9;137,5;346,5432;845,9665;391,27
377;3;0;0;13,0625;26,2066;21,6042;0;2;25;0;0;160;190,6;27,6;133,8;156,1;334,1207;851,3766;398,9128
378;4;0;0;13,7857;24,6546;21,488;0;0;6;0;0;10,2;101,1;52,4;14,2;73;316,769;632,3688;380,2374
379;4;0;0;13,8667;27,382;21,9258;1;0;2;1;0;63;80;43,3;7,7;124,1;326,9689;633,3786;379,2424
380;4;0,0049;0;14,15;20,7194;20,6781;0;0;7;4;2;219,8;79,5;17,9;105,5;79,7;324,1541;630,9306;356,4518
381;4;0;0;13,8571;25,2944;20,9872;5;0;0;0;0;78,2;162,4;21,9;3,7;110,6;334,5077;657,5792;343,2143
382;4;0;0;13,8667;23,4071;21,768;0;0;4;1;0;35,8;36,3;20,9;13,5;215,3;335,8012;659,146;374,7524
383;4;0,0025;0;13,4667;25,0896;21,488;0;0;10;0;0;10,2;101,1;52,4;17,3;73;337,2768;653,4925;330,8936
384;4;0,0143;0;13,9474;21,4259;20,6781;0;1;6;4;2;87,9;70,2;17,9;128,4;79,7;320,0785;635,5332;351,8017
385;4;0,0134;0,1821;13,4706;23,5704;21,9525;0;0;6;1;0;164,9;87,8;10,4;41,2;89,7;284,0465;697,442;360,6412
386;4;0;0;13,8824;18,0404;20,1354;0;0;2;0;1;109,8;82,9;21,4;89,2;55,5;267,003;634,914;361,4544
387;4;0;0;13,6667;26,0681;20,9872;5;0;0;0;0;42,9;165,1;21,9;3,7;110,6;345,7148;635,4166;341,5504
388;4;0;0;13,6667;23,1457;21,768;0;0;8;0;1;31,4;36;20,9;17,3;215,3;358,5604;688,333;361,4252
389;4;0,0384;0;13,125;25,2179;21,488;0;0;22;0;0;41,8;70,1;52,4;17,3;73;338,607;691,6129;357,5257
390;4;0;0;13,8824;19,4139;20,1354;0;0;2;0;1;108,9;99,2;21,4;89,2;55,5;266,6394;673,7594;343,6376
391;4;0;0;13,5;27,0277;20,964;5;0;1;0;0;42,4;165,2;21,9;5,2;111,9;315,5004;728,3758;340,9708
392;4;0,0414;0;12,5625;26,1708;21,3706;0;0;40;0;0;43,5;126,6;52,4;13;77,3;302,7848;803,5074;366,6694
393;4;0;0;14,625;20,9163;19,0501;1;0;0;0;2;21,9;60,6;3,3;79,6;82,9;359,8344;701,3513;335,1269
394;4;0;0;13,8421;21,9196;20,0952;2;0;3;3;3;76,9;94,2;1,8;115;51,9;337,1749;405,6016;362,322
395;4;0;0;13,8421;24,0496;20,2747;0;2;16;1;0;16,6;80,9;33,8;0;83,6;309,1352;681,5941;380,956
396;4;0;0,0003;13,65;22,7998;19,9207;0;2;20;2;0;17,9;84,4;27,1;0;81,6;296,9744;678,2573;390,4956
397;4;0,0165;0;13,0952;22,8232;19,8196;0;0;7;1;1;34,4;128,5;42,8;5,2;73,8;312,1891;681,7586;401,3381
398;4;0;0;13,35;21,8324;18,8214;0;0;14;2;2;75,6;71,4;18;3,5;59,2;306,9871;686,5751;358,7479
399;4;0,0413;0,0044;13,1579;20,989;18,9867;0;0;15;2;3;71,9;65,1;19,1;6,3;52,5;288,594;691,0117;336,3296
400;4;0,2518;0;13,7333;19,7145;22,7124;0;0;19;2;5;2,2;32,4;0,4;25,2;114,2;327,1774;698,2031;331,2022
401;4;0;0;13,7333;21,5313;22,7898;0;1;8;0;3;32,9;48,2;10,9;28,7;58,5;313,5125;602,8963;368,6155
402;4;0,4735;0;13,8947;24,222;20,8966;0;1;7;0;2;4,2;107,2;11,6;2,7;86,9;329,5181;636,5394;348,8058
403;4;0,035;0;12,913;21,2048;19,8196;0;1;6;1;1;49,3;121,9;42,8;32;73,8;336,3214;641,345;397,7896
404;4;0;0;14;25,5422;18,002;0;2;10;1;1;69,6;159,2;57,8;0,1;114,2;320,8428;634,252;314,9464
405;4;0;0;13,7059;21,8421;20,318;0;0;6;1;1;65,8;62,1;5,1;54,5;75,4;256,8636;654,0246;320,8907
406;4;0;0;13,3;18,7563;18,8214;0;0;14;2;2;76,3;90,5;18;3,5;59,2;310,7682;662,715;375,169
407;4;0,0038;0,0056;13,2632;18,1151;18,9867;0;0;16;2;3;77;67,6;19,1;7,9;52,5;286,7843;682,5366;351,9439
408;4;0;0;13,3684;24,6214;19,3066;0;3;9;0;3;60;50,5;20,6;2,6;89,2;340,8545;703,5944;352,2668
409;4;0;0;13,7857;22,0135;21,2626;0;0;5;6;1;47,8;38,3;12,2;30,6;26,3;306,8348;638,068;404,9294
410;4;0;0;13,6667;22,0033;21,1696;0;0;6;5;4;48,1;34,1;20,8;50,1;54,5;296,4427;620,0071;405,2419
411;4;0,0158;0;14,2222;20,8742;20,1358;1;2;2;2;2;52,2;115,2;11,5;28,5;80,9;306,6934;667,0505;341,3466
412;4;0,415;0;13,6667;18,5973;22,7124;0;0;43;2;5;2,2;49,4;0,4;28,5;114,2;319,909;766,2521;352,1862
413;4;0;0;13,8;20,3377;22,7898;0;1;12;0;3;30,4;48,2;10,9;35,1;58,5;328,3974;664,5989;352,5973
414;4;0,0183;0;13,5789;25,2778;18,8225;1;1;7;1;2;29,3;108,3;9,2;46,7;70;294,5405;633,1824;321,0023
415;4;0;0;13,85;25,3045;18,002;0;2;19;1;1;81,8;152,3;57,8;0,1;114,2;312,8148;711,7315;308,6122
416;4;0;0;13,8;25,105;19,7379;0;0;5;1;0;41,2;134,1;48,2;38,9;130,9;337,9576;608,764;290,3641
417;4;0;0;13,625;20,6181;20,318;0;0;11;1;1;69,8;67,6;5,1;56;75,4;244,017;723,3761;314,7696
418;4;0;0;13,3684;24,3075;19,3066;0;3;11;0;3;53,1;53,9;20,6;5,8;89,2;360,4594;691,745;341,0183
419;4;0;0;14,4667;22,4697;23,7947;2;0;0;0;0;47,1;169,8;38,8;54,9;138,3;360,6095;580,3654;355,1598
420;4;0;0;14,2667;22,6164;23,1305;13;1;0;0;1;12;139,7;0,3;33,2;29,1;354,5212;652,8316;381,2602
421;4;0;0;13,3333;22,0512;21,2626;0;0;6;3;4;56,7;29,4;12,2;30,6;26,3;300,8138;672,6467;391,6541
422;4;0,0227;0;14,2353;20,5952;20,1358;1;2;2;2;2;40;115,2;11,5;28,5;80,9;311,9407;677,4358;348,1535
423;4;0;0;13,25;23,6364;18,5963;1;0;2;0;1;61,2;76,9;0;99,9;112,2;311,4774;794,466;316,8716
424;4;0;0;13,2667;21,9269;19,915;1;0;1;0;0;80,2;193,9;12,8;33,4;99,3;300,1154;763,4009;292,2944
425;4;0;0;12,75;19,1644;20,7415;3;0;6;0;0;38,2;134,8;20,3;96,7;85;209,7302;696,9067;326,7371
426;4;0;0;12,9444;19,0949;19,3184;3;1;23;2;1;1,1;123,9;15,8;88,1;102,3;248,1059;743,058;343,3817
427;4;0;0;13,25;23,7736;18,6787;3;0;2;0;0;85,4;118,4;24,5;78,2;108,2;283,8168;649,2143;280,035
428;4;0;0;13;24,0338;19,858;1;0;6;0;0;89;146,2;25,5;122,7;113,8;314,7448;814,8326;318,6065
429;4;0;0,0205;13,9286;21,6421;19,2726;2;0;0;0;0;50,3;181,5;7,3;57,2;82;349,7191;782,0442;348,5419
430;4;0;0;12,9333;19,9484;19,915;1;0;1;0;0;108,8;170,2;12,8;115,3;99,3;291,7868;775,957;303,1693
431;4;0;0,0128;13,8462;22,6882;19,2726;2;0;0;0;0;38,7;180,8;7,3;58,9;82;313,6108;818,4038;352,1189
432;4;0,0711;0;13,3889;24,4255;19,0396;1;1;14;1;1;2,2;145;9,2;46,7;70;272,8364;766,9163;300,064
433;4;0;0;13,5789;23,668;19,9625;0;0;1;0;0;48,9;132,4;0;84,3;139,2;364,6706;759,7458;313,1111
434;4;0;0;13,8421;24,8099;20,1996;0;0;11;1;0;51,3;95,5;48,1;25,7;86;326,5618;739,9012;288,8046
435;4;0;0;13,7;23,7977;19,8498;0;0;14;1;0;42,3;152,9;48,2;28,9;140,9;338,5649;707,0101;280,517
436;4;0;0;13,2778;23,9897;19,6031;0;1;23;2;2;60,6;60;20,6;5,8;89,2;344,3108;791,7624;357,6715
437;4;0,0075;0;14;22,6832;22,9817;13;1;0;0;1;13,4;142,2;0,3;27,8;34,5;341,0276;737,9226;391,3308
438;4;0;0;13,2632;20,7051;20,2719;0;0;4;0;0;11,6;137,5;0;77,5;181,9;334,6175;855,1184;355,1857
439;4;0;0;13,5294;24,8819;17,6002;3;0;2;0;0;117,3;124,8;13,7;60,6;115,2;337,2883;642,568;272,5416
440;4;0;0;13,6111;23,7111;20,0801;1;1;1;0;0;48,5;79,7;0;100,8;80,8;334,5055;802,4501;322,6428
441;4;0;0;13,2222;22,5916;19,3184;3;2;21;2;0;29,8;121,9;15,8;14,9;102,3;283,3373;743,2733;326,6932
442;4;0;0,0054;13,6471;24,6905;19,6006;1;0;2;0;0;91,7;156,4;26,5;93,3;140,3;321,2248;842,3539;314,6551
443;4;0;0;13,3333;24,9816;18,5963;1;0;2;0;1;64,8;110,5;0;99,3;112,2;329,4713;767,9207;294,8814
444;4;0;0;13,3125;22,926;19,915;1;0;1;0;0;81,1;193,9;12,8;32,6;99,3;322,3714;761,6862;276,8634
445;4;0;0;12,8125;19,0897;20,7415;3;0;5;0;0;62,3;134,1;20,3;96,7;85;220,9752;680,5807;333,9706
446;4;0;0;12,8125;19,1547;20,3766;3;0;6;0;0;27,3;134,8;20,3;61,7;85;220,9752;695,9441;323,3063
447;4;0;0;13,1111;21,0837;19,3184;3;1;21;3;0;29,1;121,9;15,8;86,5;102,3;261,4914;728,5576;335,8364
448;4;0;0;13,2941;24,2938;18,6787;3;0;2;0;0;85;116,4;24,5;77,7;108,2;289,4339;623,984;275,2996
449;4;0;0;13,1765;25,2178;19,858;1;0;2;0;0;119;139,6;25,5;107,3;113,8;343,4508;766,899;299,3551
450;4;0;0;13,2632;20,7051;20,2719;0;0;4;0;0;11,6;137,5;0;77,5;181,9;334,6175;855,1184;355,1857
451;4;0;0;13,6111;23,7111;20,0801;1;1;1;0;0;48,5;79,7;0;100,8;80,8;334,5055;802,4501;322,6428
452;4;0;0;13,2222;22,5916;19,3184;3;2;21;2;0;29,8;121,9;15,8;14,9;102,3;283,3373;743,2733;326,6932
453;4;0;0;13,5294;25,5646;18,6787;3;0;2;0;0;106,4;110,2;24,5;76,9;108,2;312,2284;632,4721;278,4377
454;4;0,0346;0,0087;14;25,163;20,7818;0;0;2;0;3;27;81,4;9,6;3,3;37,3;388,2683;654,881;314,1097
455;4;0,0544;0,0033;13,875;25,9417;20,7818;0;0;2;0;3;60,5;48,5;9,6;3,3;37,3;368,0341;659,4055;341,1583
456;4;0,0827;0,0058;13,8235;26,2317;20,7818;0;0;2;0;3;58,5;40,7;9,6;6,7;37,3;355,6127;683,1713;334,022
457;4;0;0;13,1875;23,8572;22,656;4;0;2;0;0;86,4;123,3;20;39,7;112,4;319,1288;849,4816;343,8364
458;4;0;0;13,7368;22,6987;20,1797;0;1;5;2;0;21,8;43,7;33,6;0;83,8;298,2143;408,3124;409,4186
459;4;0;0;13,6875;21,1942;20,318;0;0;2;1;1;65,8;49,3;5,1;54,5;75,4;246,4088;418,5047;318,5744
460;4;0,075;0,0066;13,875;26,0459;20,7818;0;0;0;0;3;60,5;36,1;9,6;3,3;37,3;368,0341;389,3508;313,9654
461;4;0;0;13,7368;23,3618;20,4372;0;0;0;0;0;50;117;3,2;84,3;136;388,3054;460,1624;305,212
462;4;0;0;13,4444;23,4733;20,7564;0;1;4;1;0;66,6;95;15,6;62,6;59,6;281,2738;423,4345;274,684
463;4;0;0;13,7895;25,9838;19,5486;0;0;0;1;0;40,6;85,7;48,2;28,9;140,9;318,7818;397,5332;309,5399
464;4;0,019;0,0059;13,5556;22,261;21,9704;0;0;7;3;1;70,9;115,3;33,7;49,3;71,2;357,9394;503,7206;417,4531
465;4;0;0;13,1667;21,9473;22,5225;0;0;22;3;0;62,2;86,8;21,8;47,9;56,3;359,3862;537,8684;390,2692
466;4;0;0;13,625;20,6181;20,318;0;0;2;1;1;69,8;45,3;5,1;56;75,4;244,017;463,2451;314,7696
467;4;0,0872;0,0058;13,8235;26,2317;20,7818;0;0;0;0;3;58,5;28,1;9,6;6,7;37,3;355,6127;413,2624;334,022
468;4;0,0107;0;13,8571;23,6466;20,5161;1;2;2;0;7;35,7;44,2;25,2;39,5;46,8;339,7846;432,5785;356,7859
469;4;0,0062;0;13,15;24,8529;19,8196;0;0;1;1;1;34,2;64;42,8;4,9;73,8;275,5994;487,5005;416,5675
470;4;0;0;14,4667;20,9405;23,6987;0;0;1;3;0;67,2;10,6;13,2;16,8;66,4;302,0026;696,051;365,854
471;4;0;0;14,25;24,2257;22,7994;0;0;1;4;0;55,3;26,2;27,3;120,8;49;319,6663;704,1748;398,7594
472;4;0;0;13,5;20,2792;23,9241;0;0;2;2;3;59,5;1,8;66,3;32,6;11,8;286,2554;727,8523;352,1387
473;4;0;0;13,6429;22,5295;24,167;0;0;2;0;0;27,7;7,8;39,6;34;31,2;272,3069;677,9704;313,6777
474;4;0;0;14,2;21,8283;23,6987;0;0;1;2;1;60,8;19,5;13,2;17,2;66,4;259,6284;715,5277;374,2837
475;4;0,0179;0;13,8571;23,9346;22,868;1;0;0;2;0;43,6;60,3;1,3;19,1;73,8;284,2582;649,5016;369,4082
476;4;0;0;14;23,7637;22,7994;0;0;1;3;1;52,9;11,6;27,3;121,8;49;271,6304;747,3402;379,4065
477;4;0;0;13,5333;21,0213;23,9241;0;0;2;0;5;49,4;5,6;66,3;32,7;11,8;309,2195;686,7623;314,5806
478;4;0;0;13,6429;23,0308;24,167;0;0;2;0;0;15,4;8,8;39,6;34,4;31,2;288,9389;665,9759;300,6598
479;4;0;0;13,625;23,8423;18,9971;2;0;0;0;0;65;47,2;29,5;34,6;119,7;342,9709;673,7418;353,2302
480;4;0,2558;0;14,0714;23,2277;22,1944;1;0;0;1;1;22,7;73,9;1,5;8,9;38,9;296,0705;641,6428;367,3962
481;4;0,0569;0;13,5714;22,8907;22,868;1;0;0;1;1;27,3;59,8;1,3;27,6;73,8;272,5114;703,5786;358,2389
482;4;0;0;13,9333;22,1021;22,7994;0;0;1;3;1;52,4;11,6;27,3;161,2;49;284,0144;765,1278;393,8512
483;4;0;0;13,5;24,5686;18,6359;2;0;0;0;0;41,6;57,1;29,5;88,8;119,7;354,1561;705,6706;347,2337
484;4;0,1716;0;13,4667;21,6616;22,6903;7;0;0;2;0;53,3;38,5;3,8;37,4;152,7;324,7078;740,232;382,941
485;4;0,3408;0,0012;14,0714;22,0768;22,4282;1;0;0;0;1;22,7;73,9;1,5;14,9;38,9;290,1082;707,5991;361,121
486;4;0;0;13,2143;25,5278;18,8048;1;0;0;0;0;21,8;58,9;29,5;123,5;119,7;337,1947;727,339;354,0596
487;4;0,1876;0;13,6;22,1777;22,4223;8;0;0;1;1;52;52,3;3,8;33,8;164,8;322,5712;757,0649;338,2589
488;4;0;0,2426;13,5625;24,2908;22,6139;3;0;0;0;0;73,8;63;21,7;7,7;35,1;327,2465;910,8734;312,3446
489;4;0;0;13,6429;22,9351;22,1473;9;0;0;0;1;41,4;101,5;7,1;111,9;92,3;308,3339;857,1506;322,5996
490;4;0;0;13,6667;21,8298;22,9222;10;0;0;0;1;32;70,9;8,7;38,3;65,8;331,9978;843,6402;311,6718
491;4;0,0137;0;13,6923;21,6828;22,7379;4;0;0;0;2;40,1;25,3;6,3;46,3;105,2;316,084;765,3838;337,541
492;4;0;0;12,9333;25,7439;18,8048;1;0;0;0;0;11,4;47,7;29,5;123,5;119,7;331,1208;713,0916;350,0366
493;4;0;0;13,6429;20,9339;22,9222;11;0;0;0;1;39;62,5;8,7;122,7;65,8;308,6417;834,8015;338,0152
494;4;0,0192;0;13,6154;21,6804;22,7379;4;0;0;0;2;45,8;18,6;6,3;54,3;105,2;323,4344;753,6874;339,8404
495;4;0,0493;0;13,5385;21,4188;22,7379;4;0;0;0;2;39,7;18,6;6,3;87;105,2;330,2356;758,7194;336,8981
496;4;0;0;13,5;21,5623;20,4396;1;0;1;0;0;65,2;86,5;0,9;56;126,2;341,1259;547,1683;420,7878
497;4;0,1459;0;12,9286;26,3211;21,951;3;0;2;0;0;12,5;53,2;18;63;168;352,3842;558,2228;395,2922
498;4;0,3716;0,0062;13,5;27,8588;22,6405;0;0;0;1;0;40,5;51,8;5,1;21,8;25,3;329,7348;626,4295;331,3192
499;4;0,3716;0,0062;13,5;27,8588;22,6405;0;0;0;1;0;40,5;51,8;5,1;21,8;25,3;329,7348;626,4295;331,3192
500;4;0,5056;0,0486;13,3125;25,6105;22,6405;0;0;0;1;0;42,9;40;5,1;43,1;25,3;310,3452;665,4395;365,1512
501;4;0;0;12,5714;22,356;28,5363;0;0;2;0;0;49,9;93,9;0;82,2;190,7;259,992;695,1611;335,4746
502;4;0;0;12,6;22,1474;28,5363;0;0;2;0;0;42,7;95,4;0;125,3;190,7;278,9564;676,8281;308,5376
503;4;0,0456;0;12,8;25,2732;18,7845;2;1;6;0;0;36,1;47,2;16,7;35,8;115,4;317,8105;527,5912;378,9518
504;5;0;0;14;21,5201;21,768;0;0;3;1;0;84,2;40,7;20,9;13,5;215,3;344,1182;607,7642;415,872
505;5;0,04;0;13,8125;27,2116;19,6034;0;0;1;2;0;133,9;160,1;17,9;3;138,8;340,682;601,3429;377,0863
506;5;0;0;13,75;24,2666;21,9258;1;0;2;1;0;65,1;77,9;43,3;67,1;124,1;347,8759;651,564;412,2079
507;5;0;0,0227;13,75;24,167;19,6034;0;0;1;2;0;155,7;138,3;17,9;6,8;138,8;328,3312;609,9811;437,4925
508;5;0,3354;0;13,5714;24,1852;21,093;1;0;1;1;0;40,5;48,4;22,4;31,1;135,9;339,7921;655,0855;385,4887
509;5;0;0;13,625;24,4729;21,9258;1;0;3;1;0;51,7;73,1;43,3;68,9;124,1;327,7955;696,542;414,7254
510;5;0;0;14;20,5994;23,0833;1;0;2;1;1;108,8;233,5;8,8;78;137,2;333,9202;785,3494;401,5976
511;5;0;0;13,75;19,807;22,2456;0;0;1;0;1;143;199,6;4,9;121,2;81,1;383,5404;834,7644;363,7037
512;5;0,1111;0;14,1875;20,857;21,6485;1;1;3;0;1;160,6;145,2;16,1;60,2;59,9;370,4033;817,5308;376,9308
513;5;0,0049;0;13,7333;20,0286;21,1736;3;0;3;1;0;116,7;193,6;13,1;33,1;62,8;344,4624;832,347;415,0019
514;5;0,1812;0,1414;13,7059;22,1693;20,3656;1;0;4;1;0;201,7;140,4;19;23,3;94,2;350,7347;802,9987;405,3042
515;5;0,3581;0;13,3077;23,3759;21,3405;1;0;2;1;0;40,5;48,4;22,4;33,4;135,9;310,2566;759,1468;375,6107
516;5;0;0;13,5714;24,5016;22,0268;0;0;2;1;1;84,8;186,6;8,8;72,7;143,7;335,9095;821,4703;391,7081
517;5;0;0;13,75;22,3069;21,9375;0;0;1;0;0;113,2;208,3;4,9;109,2;94,8;367,5888;838,408;387,0025
518;5;0;0,1551;13,4;24,848;19,9805;1;0;4;1;0;114,3;127,6;19;24,1;99,9;345,0949;806,0825;407,2165
519;5;0,3978;0,0397;13,7333;20,0432;21,7491;1;0;0;0;0;83;141;14,6;54,8;63;363,0006;828,8435;385,8332
520;5;0,4113;0,0155;12,9286;21,7703;22,1375;1;0;16;0;1;45,8;45,2;22,4;42,9;135,9;329,0461;792,4309;371,8462
521;5;0;0;13,6;22,7787;21,3933;4;0;4;0;0;107;99,2;21,9;53,4;113,5;335,0531;771,1081;379,579
522;5;0,0701;0;13,6667;18,923;20,3683;2;0;1;1;0;75;74,1;15,3;61,2;110,7;367,9366;823,455;392,0764
523;5;0;0;13,1875;27,3351;21,2411;0;0;2;1;0;147,7;99,2;4,5;40,8;149,3;380,461;812,5852;447,4606
524;5;0;0;13,4;22,7756;20,8395;3;0;3;1;0;89,9;165,3;13,1;148,1;80,6;361,1502;824,0929;378,6865
525;5;0,3417;0,1252;13,6;21,2144;21,7491;1;0;0;0;0;123,8;100,2;14,6;61,3;63;335,0981;841,1479;384,7111
526;5;0,3729;0;14;24,267;19,426;8;0;0;0;0;30,9;33,4;41,2;57,1;111,4;380,6543;836,8117;365,963
527;5;0,0703;0;13,6667;20,1901;20,3683;1;0;1;1;0;77,5;71,6;15,3;61,2;110,7;354,938;802,706;388,2622
528;5;0;0;13,0625;27,5197;21,2411;0;1;4;1;0;112,4;99,2;4,5;40,8;149,3;380,2302;815,3719;439,7328
529;5;0,0613;0,0078;13,5333;20,5369;20,3683;1;0;1;1;0;89,9;59,3;15,3;114,2;110,7;330,2784;831,6644;399,2072
530;5;0,6422;0;14;27,7926;23,6729;6;0;0;0;0;4,3;46,1;46,5;44,3;71,1;394,0538;734,1138;380,7968
531;5;0;0;14,1579;24,0789;22,1912;2;5;13;1;5;79,2;176,8;6,9;46;67,8;382,1274;744,4224;383,908
532;5;0;0;13,8667;25,9958;20,9257;0;3;9;2;7;68;63;19,8;23,9;61,4;369,7963;771,0113;387,1955
533;5;0,0278;0;13,7333;25,4212;21,3004;3;0;0;0;0;104,8;46,6;24;45,2;85,4;368,6544;900,6314;390,7724
534;5;0;0;13,9375;22,9466;22,6182;2;2;21;4;5;76;184,9;6,9;51,5;67,8;329,1235;842,7665;398,538
535;5;0;0;14,2222;23,7589;24,0809;9;4;16;2;2;67,8;159,7;14,3;124,1;138,9;414,4547;878,9544;400,545
536;5;0,2374;0,0336;13,75;23,1824;20,6177;6;0;2;0;2;18,4;91,2;24,7;54,8;106,5;393,3695;929,3321;424,759
537;5;0;0;13,7647;25,4627;21,4158;0;0;10;1;0;64,4;109,6;88,4;79,5;116,6;383,4014;806,8644;382,3373
538;5;0;0;13,875;25,9573;21,3041;0;4;12;2;5;35,9;62;19,8;23,9;61,4;388,2312;804,2569;377,0809
539;5;0,0252;0;13,7059;26,7693;24,0764;5;2;21;1;0;107,1;156,5;81,7;102,8;49;375,2143;859,0468;378,1667
540;5;0;0;13,875;25,9573;21,3041;0;4;12;2;5;56,5;144,6;18;57,5;64,1;388,2312;804,2569;377,0809
541;5;0,5316;0;13,9375;25,3763;25,1402;17;2;0;0;0;43,8;43,7;8,5;104,9;22,8;385,6691;797,544;374,864
542;5;0,0507;0;13,8125;21,71;25,621;17;2;2;1;0;96,5;77,4;3,3;80,5;22,5;373,6051;815,0591;404,5021
543;5;0;0;13,75;22,3808;19,2392;5;0;0;0;0;18,9;88,8;52,9;69,1;104,1;401,8532;835,7918;389,4851
544;5;0,3763;0,0129;13,6875;24,5655;21,0804;6;0;5;0;2;75,5;42,4;24,7;41,5;119,9;387,801;967,2322;419,9479
545;5;0;0;13,6875;24,5317;21,6911;0;0;24;1;0;49;144,1;88,4;109,3;140,5;341,6879;918,189;397,1693
546;5;0;0,0076;13,5333;25,1438;24,1769;1;1;36;1;1;109,7;124,3;81,7;118,8;94,3;314,3927;980,7574;378,85
547;5;0;0;13,6875;25,8427;21,7364;0;4;24;2;2;69,8;130,5;18;51,5;87,8;367,8019;894,0938;383,8734
548;5;0,0463;0;13,4667;23,7541;24,6818;13;0;4;3;0;90,7;82,6;3,3;128,1;23,8;348,3007;833,4097;434,138
549;5;0,0103;0;13,6667;23,8815;19,6818;3;0;0;0;0;66,4;41,9;52,9;55,9;126,1;368,5381;889,5467;395,824
550;5;0,0242;0;13,5625;24,403;21,3004;3;0;0;0;0;111,2;46;24;44,4;85,4;359,1482;929,7356;408,1007
551;5;0,0283;0;13,625;24,9281;21,3004;3;0;0;0;0;111,2;46;24;44,4;85,4;360,8849;887,2859;430,6255
552;5;0,0058;0;13,6471;22,6601;20,9326;9;0;0;0;1;48,3;211;87,4;88,8;68,5;416,7029;802,2485;411,2964
553;5;0;0;13,6875;25,8427;21,7364;0;4;24;2;2;69,8;130,5;18;51,5;87,8;367,8019;894,0938;383,8734
554;5;0,1721;0;13,5333;25,2887;21,3264;5;0;2;0;0;52,1;176,6;87,4;45,8;123,3;373,4042;935,7365;416,0884
555;5;0,0412;0;13,6875;23,1317;21,1426;9;0;1;0;1;28,3;211;87,4;100,3;68,5;404,0294;874,22;421,6151
556;5;0;0;13,9333;25,4358;20,9257;0;3;9;2;7;55,3;75,7;19,8;23,7;61,4;373,7059;750,4034;398,8728
557;5;0,195;0;13,375;25,7627;21,3264;5;0;2;0;0;198,1;31;87,4;89,2;123,3;368,9226;936,7722;415,0876
558;5;0;0;13,6842;22,3225;21,8516;0;1;15;2;0;108,5;149,5;16;17,3;67,7;375,7723;535,973;442,9246
559;5;0,3578;0;13,2222;24,9109;17,0888;0;0;2;0;3;40,6;83,7;46,6;8,3;76,6;365,981;618,1963;490,4737
560;5;0,3906;0,0236;13,8125;25,8421;16,9734;1;1;15;1;6;33,8;86,6;5,7;0;104,4;331,0376;689,8961;427,4752
561;5;0,3835;0,01;12,8947;24,592;17,0888;0;0;7;0;3;47,8;76,4;46,6;22,5;76,6;355,5911;669,456;470,4325
562;5;0,2518;0,6565;14,3529;20,5122;22,4604;4;0;0;4;1;68;21,2;10,7;28;66,3;335,6035;666,2912;397,5466
563;5;0;0;14,375;19,5854;18,7585;2;0;0;0;3;73,4;142,2;27,5;82,1;148,3;369,7567;732,4787;409,7556
564;5;0;0;14,5625;24,241;21,7602;0;0;0;3;4;22,9;160,8;28,7;96,4;58,4;365,026;737,8884;363,65
565;5;0,0051;0,3533;13,7059;23,7868;23,9972;2;0;0;2;0;54,5;54,9;0,7;28,2;34,1;368,1652;756,2408;384,7097
566;5;0,0218;0,0522;13,7059;24,0499;23,3865;0;0;0;1;0;26;47,7;5,9;32,2;30,8;386,9802;803,975;389,7691
567;5;0;0;13,3889;26,5829;24,0855;0;1;0;0;2;120,9;55,6;12,5;32,6;47,1;372,9334;906,4372;368,4125
568;5;0;0;13,875;20,2363;18,1139;0;0;11;3;2;91,2;198,9;11,2;105,9;181,7;409,45;907,6568;454,7783
569;5;0;0;13,875;18,4277;20,6942;2;0;1;0;0;65,2;192,3;0,9;46,6;82;385,6302;821,7158;424,292
570;5;0;0;14,1333;20,6865;19,0285;2;0;1;0;3;103,2;112,2;27,5;73,1;157,3;343,1254;768,4812;398,2478
571;5;0;0;13,6667;24,2796;23,7766;2;4;0;0;0;35;40,8;0,2;48,4;97,1;386,4042;767,0286;301,9536
572;5;0;0;14,5625;22,5346;21,9913;0;0;0;3;4;40,7;142,6;28,7;103;58,4;364,8096;774,2718;403,173
573;5;0;0;13,625;24,3289;22,6712;0;1;0;0;0;115,5;84,8;11,6;17,4;43,9;335,0243;866,2756;363,1572
574;5;0,0577;0,4932;13,5;22,6234;22,774;0;0;0;0;0;147,4;58,6;21,7;7,9;34,9;314,7649;859,9378;348,561
575;5;0,024;0,3315;13,75;24,5676;24,0039;4;0;0;2;0;23,9;70,9;0,7;30;34,1;367,2698;804,568;348,6809
576;5;0;0;13,5625;27,6648;23,8804;0;0;0;1;2;88,2;60,6;12,5;21,7;65,4;384,7439;961,9153;364,0784
577;5;0;0;13,6471;21,4457;20,4396;2;0;1;0;0;100,2;157,3;0,9;37,6;126,2;366,6604;881,2897;387,4003
578;5;0,6036;0,0007;13,8;22,0413;19,5289;1;0;0;0;0;49,7;157,3;22,5;47,7;110,4;379,3615;880,4077;353,61
579;5;0,0196;0;13,8125;22,9615;23,7118;3;1;0;3;0;26,4;41,2;0,2;111;100;379,8227;779,9501;357,714
580;5;0,047;0;13,9375;24,0436;23,0554;6;1;0;0;0;21,4;57,6;2,7;73,5;62,3;381,1997;776,2741;334,098
581;5;0;0;13,7059;24,9701;22,7351;0;1;0;0;0;77,3;83,9;11,6;43,6;50;393,7511;877,248;349,9024
582;5;0,043;0,1927;13,625;25,5563;23,7302;6;0;0;2;0;28,2;54;0,7;33,1;35,9;342,972;865,2776;345,2296
583;5;0,6971;0,0264;13,6667;21,9419;19,5289;1;0;0;0;0;33,4;179,9;22,5;62,7;110,4;363,857;877,4543;367,385
584;5;0,1429;0;13,8667;23,2447;23,0554;6;0;0;1;0;22,8;56,2;2,7;105;62,3;350,9453;751,1652;373,3578
585;5;0;0;13,5625;25,6154;22,7351;0;1;0;0;0;70,4;72;11,6;44,3;50;344,9999;889,9049;347,1487
586;5;0;0;13,375;26,7549;23,0896;0;0;0;1;0;117,3;141,3;9,6;30,4;65,5;352,5325;846,3924;357,0397
587;5;0;0;13,5625;26,9076;23,0896;0;0;0;1;0;94,7;141,3;9,6;30,4;65,5;393,3562;835,3649;344,7
588;5;0,4131;0,0511;14,5;25,8157;21,809;0;5;4;1;0;47,7;48,2;4,1;1,7;42,6;396,414;666,3604;341,141
589;5;0,4781;0;14,3684;26,3074;22,7846;1;2;3;0;0;35;46,5;7,1;3,3;106,6;416,3173;632,741;354,8912
590;5;0,3077;0;14,6316;25,6971;21,723;0;1;3;1;0;25,3;38,5;39,9;2,7;133,9;429,0707;721,7964;365,8313
591;5;0,3171;0;14,65;26,9227;18,8763;1;3;0;0;0;24,2;66,3;70,3;60;64,5;389,9369;640,4458;356,3014
592;5;0;0;13,9;25,4768;21,4904;0;5;8;2;1;77;35,8;88,7;35,2;96,3;421,2468;708,7576;417,4416
593;5;0,4076;0,2056;13,5789;26,8777;23,6892;0;3;4;3;1;50,6;41,7;51,3;24,8;27,8;355,8449;688,5551;385,4254
594;5;0;0;13,5;25,9067;22,0653;0;0;2;3;0;79,6;115,6;32,8;58,2;93,7;362,1856;694,6643;445,3416
595;5;0,456;0;13,3125;22,6266;21,2809;5;2;2;0;0;56,3;85,9;47,4;2;77,6;365,6581;705,8725;355,2368
596;5;0;0;14,125;21,837;16,7921;0;0;5;2;3;109,8;108,6;35,4;12,8;132,3;350,626;667,9537;459,6422
597;5;0,4655;0,0529;14,5;25,625;21,809;0;4;4;2;0;41,1;43;4,1;2,2;42,6;356,6956;710,7682;368,9723
598;5;0,5266;0,0304;14,3158;27,0616;22,7846;1;1;3;1;0;35;44,9;7,1;3,3;106,6;375,0412;674,5554;354,9737
599;5;0,4462;0;14,6;25,6871;21,723;0;1;3;1;0;22,9;37,8;39,9;3,2;133,9;433,836;714,42;373,1602
600;5;0;0;13,5;25,9067;22,0653;0;0;2;3;0;79,6;115,6;32,8;58,2;93,7;362,1856;694,6643;445,3416
601;5;0,456;0;13,3125;22,6266;21,2809;5;2;2;0;0;56,3;85,9;47,4;2;77,6;365,6581;705,8725;355,2368
602;5;0;0;14,125;21,837;16,7921;0;0;5;2;3;109,8;108,6;35,4;12,8;132,3;350,626;667,9537;459,6422
603;5;0,4655;0,0529;14,5;25,625;21,809;0;4;4;2;0;41,1;43;4,1;2,2;42,6;356,6956;710,7682;368,9723
604;5;0,5266;0,0304;14,3158;27,0616;22,7846;1;1;3;1;0;35;44,9;7,1;3,3;106,6;375,0412;674,5554;354,9737
605;5;0,4462;0;14,6;25,6871;21,723;0;1;3;1;0;22,9;37,8;39,9;3,2;133,9;433,836;714,42;373,1602
606;5;0;0;13,9412;25,108;19,5945;3;1;0;2;0;99,4;89,7;32,5;56,3;100,1;398,0628;653,6178;420,0743
607;5;0;0;13,6667;27,7222;21,7772;4;1;0;0;0;54,3;36,3;34,2;68,8;178,6;446,1912;803,9138;416,6608
608;5;0,5044;0;14;21,5081;20,3037;0;0;4;0;4;16,1;210,2;33,3;105,9;145,5;386,8636;720,5465;384,5567
609;5;0;0;13,125;22,9056;21,2809;5;1;5;1;0;116,3;119,8;47,4;32,1;77,6;364,4723;727,2238;381,6072
610;5;0;0;13,75;25,5805;21,3675;0;1;15;2;1;111;174,4;47,5;56,3;138,6;404,5396;788,5609;441,1156
611;5;0;0;13,875;22,9215;16,7921;0;0;8;2;3;87,3;102,1;35,4;12,8;132,3;343,3813;709,529;446,8385
612;5;0,0138;0;14,125;22,9982;18,2503;2;1;6;0;0;95,2;48,1;16,7;34,5;112,3;364,3531;717,4566;404,001
613;5;0,4617;0;13,9412;25,3895;20,4895;9;0;0;0;0;16,3;76;12,9;75,4;79,2;412,0222;655,1694;401,5771
614;5;0,6962;0,0774;14,4444;27,2861;22,7846;1;1;3;1;0;16,1;44,8;7,1;3,4;106,6;355,4489;698,7427;395,2919
615;5;0,4909;0;14,3889;26,5776;19,9543;1;2;1;0;0;11,3;22,3;22,8;20,4;173,1;413,1857;674,8942;452,9945
616;5;0,1585;0;14,2222;24,9572;19,8562;0;2;1;0;0;52,3;68,2;12,6;17,6;70,8;448,8311;740,3558;333,7726
617;5;0,5978;0,023;14,5263;25,4848;21,723;0;0;4;2;0;19,2;38,9;39,9;3,2;133,9;404,3628;728,4006;399,5021
618;5;0;0;13,7143;22,8592;19,8635;0;0;0;0;0;120;73,5;39,4;62,5;103;378,5728;796,792;391,9547
619;5;0,4769;0,3288;13,5789;22,4963;22,7299;5;0;0;0;0;48,2;119,1;47,1;52;128,5;444,2717;786,9654;464,6624
620;5;0;0;13,2;27,5231;20,1518;2;0;3;3;0;92,1;89,2;32,5;80;107,5;328,9975;787,7401;433,3594
621;5;0,685;0,0732;13,6;22,725;20,5622;0;0;12;0;1;52;177,9;33,3;72,3;232,3;359,2472;827,7696;424,5332
622;5;0;0;12,9412;23,7805;21,4272;4;1;7;1;0;159,8;119,7;47,4;98;79,5;356,7906;801,8366;370,4692
623;5;0;0;12,9412;23,7805;21,4272;4;1;7;1;0;129,8;149,7;47,4;98;79,5;356,7906;801,8366;370,4692
624;5;0,3967;0,0226;13,5294;21,966;19,3034;1;0;2;0;0;74,2;34,5;21,7;52,9;162,1;375,3446;859,6213;414,2286
625;5;0,3704;0,0566;13,3125;20,8639;19,5033;4;0;4;0;0;92,8;48,9;129,9;50,2;163;369,0641;841,8424;377,8823
626;5;0,0202;0,0006;12,6875;22,546;20,917;0;0;2;0;0;82,7;59,2;14,1;56,6;123,5;351,8885;848,1362;421,4506
627;5;0;0;13,8;24,4116;20,1802;1;0;0;0;0;43,1;51,1;39,4;101,2;105,5;391,6922;890,4665;399,1169
628;5;0,6628;0,1629;13,7222;25,1896;22,2844;5;0;7;0;0;21,6;129,8;47,1;45,6;135,7;448,4729;937,8385;421,2461
629;5;0;0;12,9412;23,9568;21,4272;4;2;6;1;0;110,1;119,5;47,4;98;79,5;373,9435;767,5438;365,818
630;5;0;0;12,9412;23,9568;21,4272;4;2;6;1;0;80,1;149,5;47,4;98;79,5;373,9435;767,5438;365,818
631;5;0,3775;0,0444;13,1875;20,7084;19,5033;4;0;4;0;0;67,5;54,1;129,9;50,9;163;369,2311;813,7379;386,3506
632;5;0,0123;0;12,7647;23,6381;20,917;0;0;2;0;0;78,3;48,6;14,1;56,6;123,5;399,2904;791,1119;377,8819
633;5;0;0;13,6875;25,2377;20,1802;1;0;0;0;0;61,7;31,8;39,4;101,2;105,5;391,9367;893,1254;357,0998
634;5;0;0;13,625;25,8861;19,8864;0;0;2;3;0;112,7;119,7;40;77,4;87,2;368,9982;692,6764;446,4014
635;5;0,1411;0,0104;12,7647;23,6434;20,8787;2;2;4;0;0;92,8;71,5;69,9;81,2;96,7;350,9032;753,2615;355,1267
636;5;0,4877;0;14,5789;25,1208;18,8763;1;2;0;1;0;21,2;45;70,3;60;64,5;339,8227;413,4625;393,0293
637;5;0,2164;0,0776;13,4706;22,1712;19,5619;1;0;0;0;0;74,3;86,6;22,2;52,9;131,6;375,8976;542,1438;412,1773
638;6;0,2587;0;13,8667;25,3435;18,7847;7;0;1;0;4;19,5;71,2;28,9;160;180,1;409,9831;923,859;354,73
639;6;0,1228;0;13,7857;24,9054;18,8377;8;0;0;0;0;36,9;8,4;41,2;41,7;99,8;350,0057;849,9931;354,4884
640;6;0;0;13,8;23,5381;19,4969;17;0;1;0;2;50,7;137,5;28,3;56,7;123,6;418,6055;894,8678;333,5778
641;6;0,542;0;13,9286;24,4866;19,7652;5;0;1;0;4;12,5;173,7;28,9;122,8;217,5;388,517;965,5726;377,8711
642;6;0;0;13,1176;21,7085;18,1103;9;0;0;0;0;87,4;237;21,1;44,5;163;381,3379;742,1796;397,1596
643;6;0;0;13,1111;17,8043;15,0538;8;0;0;0;0;102;176;28,3;41,9;130,2;374,8194;745,1986;418,3297
644;6;0,6151;0,1167;12,9375;24,4069;21,0166;14;0;1;1;0;45,3;81,1;31,6;22;111,3;340,537;821,9999;358,119
645;6;0,236;0;14;24,1724;19,426;9;0;0;0;0;28,1;23,8;41,2;57,1;111,4;383,3014;865,3608;357,0257
646;6;0;0;13,9286;24,1021;19,5587;13;0;0;0;2;50;145,6;12,2;76,1;143,4;395,1248;917,951;302,665
647;6;0,0094;0;13,9375;24,5277;19,8497;16;0;1;0;2;50;128,7;28,3;61,6;145;444,2684;862,3624;340,8894
648;6;0;0;12,7647;21,2827;20,6125;8;1;6;1;2;81;105,3;3;182,4;191,1;350,8589;767,7324;381,8671
649;6;0;0;12,9412;22,1415;18,1103;9;0;0;0;0;96,4;208;21,1;64,5;163;366,4678;706,8582;405,8431
650;6;0;0;12,8125;22,4504;17,4307;11;0;1;1;0;59,1;133,9;2,3;53,3;213,1;358,3184;713,1118;349,6316
651;6;0;0;12,9375;23,9272;20,0008;16;0;1;1;0;36,6;164,8;7,9;94,2;145,8;365,6786;763,7443;360,9666
652;6;0;0;12,8333;23,664;16,4189;4;1;1;1;1;145,3;183;7,9;71,2;205,9;407,3494;721,4652;374,8543
653;6;0;0;13,9286;24,1984;19,5587;12;0;0;0;2;52,6;145,5;12,2;76,1;143,4;399,0524;877,6105;335,0959
654;6;0,0376;0;13,9333;25,0162;19,8497;15;0;1;0;2;75;103,7;28,3;62,9;145;414,4237;849,8315;366,9196
655;6;0,1323;0,5799;14;27,1665;20,6565;28;0;0;0;1;60;161,7;0,3;80,1;109,1;348,4616;858,4765;328,361
656;6;0,0275;0,022;13,9091;28,5903;21,0526;27;0;0;0;0;111,9;236,6;0;110,3;93,8;300,5042;775,9012;377,037
657;6;0;0;13;26,6248;21,7182;10;0;0;0;4;96,6;189,3;18,5;107,5;80,9;370,3536;839,6579;404,0186
658;6;0;0;12,8125;22,6576;17,4307;11;0;1;1;0;57,3;137,9;2,3;53,3;213,1;360,0533;715,3927;356,4335
659;6;0;0;12,875;23,965;20,0008;16;0;2;1;0;68,8;132,6;7,9;94,2;145,8;351,2524;795,1486;365,1952
660;6;0;0;12,8235;24,1849;16,4189;4;1;2;1;1;110,3;183,5;7,9;71,2;205,9;379,6196;736,2666;369,5897
661;6;0,7465;0;13,9333;22,2948;17,8897;5;0;0;0;0;1,9;130,3;1,4;137,4;164,2;395,1083;827,496;374,5472
662;6;0;0;13,8667;23,4107;19,5587;14;0;0;0;2;54,9;147,7;12,2;80,3;143,4;418,5432;876,7915;331,2238
663;6;0,3634;0,3694;13,9231;26,9386;20,6565;29;0;0;0;1;61,6;160,1;0,3;100,1;109,1;369,7009;848,0682;312,6841
664;6;0,0448;0,0143;13,8182;28,6696;21,0526;28;0;0;0;0;120,3;228,2;0;110,3;93,8;286,0726;783,3974;350,2868
665;6;0;0;13;26,6226;21,7182;8;0;0;0;4;75,6;177,6;18,5;133;80,9;365,8619;821,003;396,6692
666;6;0;0;12,8235;22,5726;17,4307;10;1;1;1;0;82,3;112,9;2,3;140,9;213,1;378,9619;678,7138;346,0547
667;6;0,4097;0;14;27,8345;19,6239;11;0;0;0;0;5,7;56,4;34,3;58,7;310,8;391,0892;779,8799;440,1655
668;6;0,6232;0;14;26,1023;25,0108;20;0;2;0;0;14;63;37,9;91,1;90,7;338,9846;828,9558;361,0667
669;6;0;0;13,7857;24,2892;19,0757;5;0;0;0;0;137,4;43,3;29,9;61,5;186,4;370,2503;844,6702;372,4574
670;6;0;0,0107;13,7059;25,0763;19,6006;1;0;2;0;0;114,5;164,6;26,5;92,6;140,3;344,2378;835,6579;320,2276
671;6;0;0;13,5;20,5488;19,9657;5;0;0;0;0;99;36,9;29,9;69,2;198,5;374,7478;876,4762;412,7584
672;6;0;0;13,6667;21,9812;19,9657;5;0;0;0;0;13,7;36,9;29,9;69,3;198,5;376,7976;867,6875;377,9518
673;6;0;0;13,5;20,5488;19,9657;5;0;0;0;0;99;36,9;29,9;69,2;198,5;374,7478;876,4762;412,7584
674;6;0;0;13,3125;25,2256;20,3663;8;0;2;0;1;53,9;60,3;26,8;42,6;162,6;385,5758;804,7854;402,2874
675;6;0;0;13,3125;25,2256;20,3663;8;0;2;0;1;53,9;60,3;26,8;42,6;162,6;385,5758;804,7854;402,2874
676;6;0;0;13,125;19,2389;19,081;4;0;0;0;1;175,5;141;11,8;57,7;180,6;350,5151;706,7934;370,229
677;6;0,1323;0,7144;13,125;19,2389;19,081;4;0;0;0;1;137,5;42;11,8;17,7;180,6;350,5151;706,7934;370,229
678;6;0,0799;0;14,3333;21,941;21,6779;14;0;0;6;0;14;134,3;6,7;192,4;70,3;332,82;738,5735;418,8704
679;6;0;0;13,5;23,9052;23,692;6;0;4;3;3;12,4;137,4;75;128,9;231,3;338,2592;843,7417;438,327
680;6;0;0;12,9286;25,8713;20,6995;7;0;3;0;1;37,7;62,8;26,8;95,4;165,3;352,0804;837,373;413,0446
681;6;0;0;12,9286;25,8713;20,6995;7;0;3;0;1;37,7;62,8;26,8;95,4;165,3;352,0804;837,373;413,0446
682;6;0;0;13,8667;22,9902;18,2584;0;0;12;2;3;45,4;163,9;11,2;35,2;252,4;393,6528;931,1198;460,3522
683;6;0;0;13;23,5207;18,2574;4;0;0;0;1;78,6;184,1;11,8;60,1;198,3;327,6029;746,2501;347,2337
684;6;0,0086;0,6137;13;23,5207;18,2574;4;0;0;0;1;38,6;105,1;11,8;0,1;198,3;327,6029;746,2501;347,2337
685;6;0;0;13,5333;24,1051;17,9282;7;0;1;0;0;58;128,8;19,1;102;140;315,9601;767,4242;352,4569
686;6;0;0;13,4375;26,8889;17,9172;4;0;1;0;0;70,9;129,2;9,2;121,3;183,9;372,7886;854,0658;391,0414
687;6;0;0;13,4667;25,0644;21,0269;9;0;2;0;0;24,5;125,9;29;45;160,1;366,0491;885,245;412,9981
688;6;0,2124;0;14;19,8756;22,4992;17;0;0;6;0;48,9;100,6;6,7;192,5;70,3;320,1102;778,5029;424,4
689;6;0;0;12,9286;26,2793;20,6995;6;0;3;0;1;38,3;67,3;26,8;125,4;165,3;340,8001;824,6092;408,9442
690;6;0;0;12,9286;26,2793;20,6995;6;0;3;0;1;38,3;67,3;26,8;125,4;165,3;340,8001;824,6092;408,9442
691;6;0;0;13;24,0114;18,2574;4;0;0;0;1;60,2;165,3;11,8;82,4;198,3;329,0188;730,6794;342,905
692;6;0,1042;0,5288;13;24,0114;18,2574;4;0;0;0;1;0,2;106,3;11,8;22,4;198,3;329,0188;730,6794;342,905
693;6;0,0024;0,0323;13,6;19,5016;18,2061;4;0;2;0;0;99,4;144,5;5,2;38,4;240,7;326,0531;782,7386;370,229
694;6;0;0;12,8667;20,1052;16,7834;6;0;0;0;1;128,6;211,6;23,8;52,9;214;315,7502;806,9173;403,9549
695;6;0;0;13,2;26,4443;17,9172;2;0;1;0;0;35;129,3;9,2;121,6;183,9;344,2414;834,1531;391,4442
696;6;0;0;13,1333;25,534;18,5219;4;0;1;0;0;77,6;143,4;14,2;115,5;116,8;358,7436;705,7901;328,4323
697;6;0,0083;0;13,3333;24,8115;21,0269;7;0;2;0;0;18,2;125,9;29;74,9;160,1;368,0546;857,0995;418,7599
698;6;0;0;13,2857;25,6989;17,9273;5;0;1;0;0;32,6;172,4;42,1;125,9;116,5;342,1652;747,8914;327,4672
699;6;0;0;13,6667;21,1645;22,1473;10;0;0;0;1;49;92,5;7,1;197,4;92,3;336,6785;813,1442;333,3348
700;6;0,4222;0,2562;13,8571;17,9294;21,905;15;0;0;0;6;100,4;151,9;31;120,8;144,4;367,8919;926,5522;331,348
701;6;0,0006;0;14;20,997;23,2694;23;0;0;0;1;50,8;157,9;20,2;55,6;84;347,9929;845,9683;305,9827
702;6;0,0062;0;13,1667;27,4901;21,7128;22;0;0;0;0;54,9;208,3;17,8;60,3;350,3;324,3114;840,83;366,9725
703;6;0,0194;0;13,0769;28,1479;21,6987;6;0;0;0;0;58,1;261,6;9,4;116,9;205;345,5568;868,2674;398,8652
704;6;0;0,0316;13,4;19,961;18,2061;4;0;2;0;0;97,4;152,2;5,2;38,4;240,7;333,0731;771,0221;385,1759
705;6;0;0;12,8667;20,8649;16,7834;6;0;0;0;1;88,1;211,6;23,8;53,6;214;346,6472;788,5346;369,9382
706;6;0;0;13;25,6863;18,5219;4;0;1;0;0;77,9;136,2;14,2;150,5;116,8;331,1208;717,6636;325,3302
707;6;0,0516;0;13,1333;25,2505;21,0269;6;0;3;0;0;11;125,9;29;74,9;160,1;381,3232;864,0025;398,2255
708;6;0,07;0;13,1429;25,8811;17,9273;4;0;1;0;0;32,6;172,7;42,1;125,9;116,5;337,1947;727,339;328,4323
709;6;0,2893;0,3067;14;18,7816;21,905;19;0;0;0;6;51,9;150;31;120,8;144,4;393,7028;910,3396;345,1594
710;6;0,0236;0;14;21,2189;23,2694;24;0;0;0;1;50;107,9;20,2;55,8;84;348,4746;838,192;325,2352
711;6;0,0049;0;13;27,7906;21,7128;19;0;0;0;0;54,6;211,5;17,8;114,6;350,3;337,8334;790,2173;363,2789
712;6;0;0;12,8462;21,1348;16,7834;5;0;0;0;1;50,5;186,6;23,8;81,2;214;317,7857;783,2135;388,9912
713;6;0,1189;0,0048;13,7857;26,2356;20,0159;13;0;0;0;0;28,4;146,6;0;152,7;138,3;345,3926;843,8429;406,8731
714;6;0;0;12,8571;26,0574;19,3369;3;0;1;0;0;60,9;176,6;16,5;51,4;156,4;326,452;810,2074;395,6908
715;6;0;0;13,7647;26,3769;18,2178;5;1;0;0;0;19,2;104,8;31,6;77,5;193,8;392,4533;677,7288;383,3849
716;6;0;0;13,6471;25,041;19,3952;8;0;0;0;0;63,7;59,3;14,9;53,1;229,1;401,1394;801,895;369,2189
717;6;0;0;13,5882;24,2947;19,797;11;0;0;0;0;54,5;45,3;22;49,7;219,7;388,7806;770,1494;339,1056
718;6;0,0216;0;13,8333;28,0802;20,5755;8;0;0;0;1;43,7;36,5;23,3;80,9;257;436,0205;794,3288;361,1718
719;6;0;0;13,9333;27,8737;22,4314;3;0;0;1;0;20,6;35,6;34,2;65,3;234,9;402,7162;884,336;431,118
720;6;0,0219;0;13,4118;21,4971;18,8961;5;0;3;0;0;35;146,2;20,1;69,4;233,2;393,0736;846,5018;423,6368
721;6;0,5581;0,0312;13,7143;26,2924;21,7294;16;0;1;0;0;64,8;18,3;12,9;70,6;112,5;327,7109;764,9705;410,4295
722;6;0;0;13,8125;26,7319;17,4021;12;1;0;0;0;14,6;96,3;22,1;69,6;194;380,8174;770,6743;410,2697
723;6;0;0;13,5;24,9711;19,2533;6;0;1;1;0;38,1;91,7;31,6;90,4;193,8;316,6902;784,8526;402,1859
724;6;0,0353;0;13,7647;27,9821;15,7394;6;0;0;0;0;36,2;63,5;2,1;40,6;288,5;421,9895;795,4859;363,5806
725;6;0,0153;0,1856;13,7333;27,4555;18,6961;3;0;0;0;0;42,5;244,8;28,2;40,7;269;345,7501;785,425;374,2218
726;6;0;0;13,6471;24,0086;20,2996;15;0;0;0;0;43,2;36,3;14,9;68,6;249,1;389,2187;891,4219;401,7125
727;6;0;0;13,4118;25,7465;20,2064;20;0;0;0;0;92,4;194,8;26,2;47,3;204,4;389,4322;925,8005;350,7772
728;6;0,2181;0;13,5;26,0819;20,028;18;0;0;0;0;24,9;44,8;7,1;46,3;227,4;368,0251;931,2206;341,3297
729;6;0,0046;0;13,5294;25,1135;20,1878;15;0;0;0;0;53,9;38,5;22;96,9;257,5;378,9889;867,1298;365,9288
730;6;0;0;13,6667;25,3573;22,0256;7;0;5;0;0;104,4;112,2;7,3;72,7;164,1;447,4559;972,2261;454,2098
731;6;0,0417;0;13,8125;25,069;17,3876;10;0;0;0;0;25,3;59,8;27,3;87;255,1;373,3052;795,4531;395,5572
732;6;0,2913;0,1372;13,3125;21,2248;18,9941;3;0;5;0;0;105,8;61,5;89,6;66,5;215,6;357,1672;820,7161;392,7204
733;6;0,4344;0,0178;13,0714;22,8063;17,905;6;0;2;0;2;54,5;240,6;33,9;53;128,3;333,7132;820,4101;327,4114
734;6;0,0455;0;13,25;22,6359;18,8961;5;0;3;0;0;32,3;147,3;20,1;102,7;233,2;360,508;825,3731;407,1359
735;6;0;0,0172;12,9375;21,8837;20,4655;3;0;4;0;0;117,1;98,5;13,2;45,9;175,7;352,2632;802,7795;390,5582
736;6;0,0121;0;13;21,8515;20,4593;4;0;4;0;0;105,4;142,4;14,8;58,2;172;354,1856;813,6799;389,0808
737;6;0,1053;0;13,7647;28,0003;15,7394;6;0;0;0;0;36,9;66,3;2,1;64,3;288,5;410,125;771,5174;365,5152
738;6;0;0;13,625;23,4713;20,1807;15;0;0;0;0;77,2;80,8;45,7;91,6;176,7;387,5292;900,045;362,1305
739;6;0;0;13,4375;24,137;20,2064;19;0;0;0;0;121,7;164,8;26,2;72,4;204,4;362,1388;895,3348;404,1446
740;6;0,3524;0;13,375;24,7989;20,028;20;0;0;0;0;22,4;44,8;7,1;69,9;227,4;363,478;925,8005;365,1685
741;6;0,1023;0;13,8667;25,5942;17,3876;12;0;0;0;0;12,3;59,3;27,3;87;255,1;355,1018;797,724;396,8586
742;6;0;0,234;13,4615;23,33;22,9479;14;0;0;0;2;136,7;239,7;19;54,8;149,2;342,2758;810,3485;362,8739
743;6;0,2226;0,1757;13,2;21,3603;18,9941;3;0;5;0;0;105,8;61,5;89,6;66,5;215,6;336,2486;851,6848;395,4982
744;6;0,5641;0,0125;12,9333;22,2423;17,905;6;0;4;0;2;24,6;249,6;33,9;53,5;128,3;338,1296;814,0342;350,3797
745;6;0;0,0107;12,875;22,3733;20,4655;2;0;4;0;0;90,7;103,4;13,2;65,7;175,7;338,1041;788,0782;391,2869
746;6;0;0,0064;12,875;22,2025;20,4593;2;0;4;0;0;137,8;120,4;14,8;89,9;172;351,778;783,7474;392,5861
747;6;0;0;13,8462;28,8111;20,3728;5;0;0;0;0;18,4;146,2;58,6;89,9;156,8;318,5165;766,4929;350,4874
748;6;0;0;13,625;23,7913;20,1807;15;0;0;0;0;77,2;80,8;45,7;93,5;176,7;388,161;890,9046;388,9544
749;6;0;0;13,2941;24,5811;20,2064;19;0;0;0;0;123,7;162,8;26,2;77,8;204,4;381,3635;909,8233;377,6544
750;6;0,1881;0;13,8667;25,8493;17,3876;11;0;0;0;0;7,9;52,3;27,3;87,4;255,1;364,1076;804,3199;395,4013
751;6;0;0,2087;13,2308;24,0341;22,9479;13;0;0;0;2;133,5;238,5;19;104,8;149,2;338,9785;778,4593;375,0707
752;6;0,0182;0;13,8462;28,7593;20,3728;5;0;1;0;0;41,8;143,6;58,6;95,6;156,8;317,3134;734,823;370,7597
753;6;0,3966;0;13,5714;29,0299;17,6833;2;0;0;0;0;136,6;91,4;15,2;47,3;238,9;330,593;712,0732;365,1156
754;6;0;0;12,8571;25,9329;21,9477;5;0;0;0;0;55,4;181,2;6,1;172,8;102,8;359,0446;804,8297;362,1812
755;6;0;0;12,8571;27,1315;21,9477;5;0;0;0;0;103,9;169,4;6,1;103,7;102,8;361,6448;819,8485;333,6311
756;6;0,3966;0;13,5714;29,0299;17,6833;1;0;0;0;0;136,6;68,5;15,2;47,3;238,9;330,593;462,82;365,1156
757;7;1;0,3728;13,5333;24,1257;22,0721;10;0;0;0;0;7;42,8;2,1;27,6;112,9;384,2525;774,2214;408,3304
758;7;1;0,5984;13,5714;25,6487;22,1472;7;0;0;0;0;4,4;42,8;2,1;18,9;124,7;363,0355;801,9461;392,9544
759;7;1;0,2505;13,9333;24,4776;19,8436;16;0;1;0;1;0;28,7;24,9;36,6;145;415,1135;881,8211;370,0444
760;7;0,7334;0,1328;13;24,0355;21,0166;14;0;1;1;0;17,8;81,2;31,6;23,8;111,3;370,0969;783,6044;365,4551
761;7;1;0,3809;13,8125;25,0007;19,8436;15;0;1;0;1;0;28,7;24,9;37,9;145;435,8772;849,9589;366,9196
762;7;1;0,9828;14;27,6201;22,9105;25;0;0;0;2;0;7,8;0;15,6;42,4;408,6299;908,7397;374,3874
763;7;1;0,986;14;27,6201;22,9551;26;0;0;0;2;0;7,8;5,6;15,6;42,4;379,6168;937,7528;374,3874
764;7;1;1;12;27,8571;28,946;9;0;3;0;0;2,2;4,4;0;0;0;308,3069;801,9382;312,2896
765;7;1;1;12;28,2039;29,2672;17;0;0;0;0;0;1,8;0,3;0;0,9;278,5136;710,0582;323,208
766;7;0,8129;0,1582;12,9375;24,1142;21,0166;14;0;2;1;0;22,8;76,2;31,6;23,9;111,3;357,7198;795,6641;367,3577
767;7;0,9417;0,0668;13,8571;22,8276;17,8897;7;0;0;0;0;8,1;138;1,4;137,4;164,2;347,8025;847,2467;404,3462
768;7;1;0,5395;14;23,1024;19,9874;33;0;0;0;0;0,6;0,4;48;70,9;66,8;382,0896;1012,7837;438,4465
769;7;0,7319;0,0031;14;22,9912;20,2443;25;0;0;0;0;5;9,1;1,2;119,4;31,5;376,5758;971,4082;450,7679
770;7;1;1;13,8462;28,0803;22,9105;26;0;0;0;2;0;8,1;0;15,6;42,4;376,07;902,498;402,35
771;7;1;0,998;14;24,9865;21,6554;33;0;0;0;0;0;0;2,4;16,1;18,7;385,9632;1001,3605;425,9034
772;7;1;0,9847;11,4667;24,9498;27,2927;1;0;41;0;0;3,3;68;14,4;11,4;11,3;295,8854;766,6639;286,7422
773;7;1;1;12,7692;28,3409;29,5648;4;0;0;0;0;4,2;19;0;1;0,4;343,462;768,209;333,1933
774;7;1;0,9973;13;28,7009;23,8105;1;0;0;0;0;0;25,7;25,7;30,3;69,5;371,6446;805,5198;438,6254
775;7;1;0,9849;13,9167;23,5713;20,9587;4;0;0;0;0;0;1,4;0,5;47,6;19;349,1669;979,5564;454,8179
776;7;1;0,8248;12,8571;27,9351;24,0726;1;0;0;0;0;1,3;75,8;7,3;35,6;100,1;332,3034;829,5041;415,165
777;7;1;0,9973;13;28,7009;23,8105;1;0;0;0;0;0;22,6;25,7;30,3;69,5;371,6446;506,5121;438,6254
778;7;1;0,9849;13,9167;23,5713;20,9587;2;0;0;0;0;0;0,4;0,5;47,6;19;349,1669;616,7113;454,8179
779;7;1;0,8248;12,8571;27,9351;24,0726;0;0;0;0;0;1,3;50,7;7,3;35,6;100,1;332,3034;525,1388;415,165
780;7;0,9308;0,7037;13,6667;23,1373;23,1113;0;0;7;1;3;30,2;35,3;16,9;7,2;48,5;319,6598;616,3402;371,1535
781;7;0,8687;0,0181;13,8667;27,7816;23,3237;8;0;0;0;0;0;68,7;90,4;0,8;177,5;391,2365;733,496;382,2419
782;7;0,8223;0,3226;13,9286;25,731;23,9107;5;0;0;2;1;35,2;11,4;7;34,5;11,9;333,5087;607,9234;388,7914
783;7;0,9869;0,4764;13,7692;23,1759;23,1416;3;0;1;1;4;8,3;34,5;4;19,3;12,9;294,111;628,0517;322,3523
784;7;0,9269;0,8222;13,7333;22,7305;23,1113;0;0;7;1;3;30,2;35,3;16,9;7,7;48,5;319,5536;641,7853;380,3004
785;7;0,7979;0;13,9333;27,9376;23,6729;6;0;0;0;0;0;46,1;46,5;44,3;71,1;392,6275;753,4163;375,1996
786;7;0,9592;0,0616;13,7333;27,7034;23,3237;7;0;0;0;0;1,2;75,9;90,4;10,2;177,5;376,4495;761,3075;382,1926
787;7;0,9901;0,9782;13,6429;23,782;20,3967;23;0;0;0;0;11,7;0,9;20,2;0,9;38,6;367,6277;936,3301;342,436
788;7;0,7822;0,9765;13,7273;22,3792;20,7325;21;0;0;0;2;44,2;8,7;0;13,4;10,5;295,547;843,7453;349,8361
789;7;0,9176;0,2657;13,9286;24,6957;20,7972;17;0;0;0;0;17;129;18;42,3;55,4;366,3914;839,9826;362,1719
790;7;0,9598;0,9088;13,8462;25,3696;22,7724;23;0;0;0;0;29;90,6;8,3;47,8;34,2;343,8173;827,9093;343,6272
791;7;0,8766;0,773;13,9333;28,4431;25,468;7;1;9;0;1;43,8;70,2;8,3;58,7;42,7;390,9042;900,7182;396,2138
792;7;0,9223;0,3354;13,8571;24,299;19,1034;22;0;0;0;1;20,3;113,5;19,5;44,2;98,9;360,9817;850,4442;390,2188
793;7;0,6201;0,2372;13,8571;23,0473;18,4785;11;0;0;0;0;23,8;121,1;4,5;40;116,2;362,8969;868,0882;354,834
794;7;1;0,8391;13,9286;26,1533;21,9826;21;0;0;0;0;5,4;57,6;2,9;37,9;82,3;373,7012;843,908;356,0612
795;7;1;0,9693;13,8571;24,4752;20,3967;24;0;0;0;0;1,1;0,9;20,2;0,9;38,6;382,1652;904,7632;353,102
796;7;0,7908;1;13,9091;22,3752;20,7325;20;0;0;0;2;44,2;8,7;0;13,4;10,5;321,4022;868,9612;323,7552
797;7;0,8516;0,0431;14;26,5141;25,0108;16;0;2;0;0;17,6;83,8;37,9;94,2;90,7;337,8596;767,304;354,9884
798;7;0,8654;0,3215;13,8571;25,338;20,7972;20;0;0;0;0;69,3;76,7;18;42,3;55,4;345,0629;832,8226;388,8824
799;7;0,9588;0,948;13,8462;25,9625;22,7724;23;0;0;0;0;29;90,6;8,3;47,8;34,2;325,5826;822,8646;371,1683
800;7;0,8751;0,9284;14;28,4815;25,468;4;1;18;0;1;32,6;72,5;8,3;58,9;42,7;370,4908;975,7523;380,8573
801;7;0,9779;0,4898;13,8571;24,7506;19,1034;24;0;0;0;1;20,3;113,5;19,5;44,2;98,9;346,2948;839,9563;399,0863
802;7;0,8583;0,1749;13,8571;23,8978;18,4785;11;0;0;0;0;23,8;121,1;4,5;40;116,2;364,5875;848,9794;354,0341
803;7;0,9222;0,4142;13,9333;24,8491;21,5119;20;0;0;0;0;37,3;135,8;2,9;53,8;82,8;355,4791;824,3453;373,2887
804;7;0,7142;0,03;13,8;24,1701;25,416;17;0;1;0;0;48;42,2;21,3;40,6;72,3;357,4112;809,969;400,8809
805;7;0,975;0,4066;14,4667;25,1492;23,7089;12;2;1;1;1;44,2;137,3;20,9;15,8;33,9;382,2916;819,608;325,165
806;7;0,8069;0,41;13,6923;23,641;23,9124;4;0;1;2;1;35,2;12;7;34,7;16,6;304,3922;675,7765;397,8493
807;7;1;0,5128;13,7692;20,5461;23,3682;3;0;1;1;4;0,2;34,5;4;28,6;13;319,2926;659,9693;315,58
808;7;0,9502;0,0852;13,625;22,973;22,042;6;0;1;0;0;8,9;180,2;2,7;80,6;68,5;404,7404;874,1675;414,6829
809;7;0,9107;0,0216;13,7857;27,3222;23,8076;4;0;10;0;0;0,1;58,3;46,5;7,7;114;347,0836;969,7662;382,5886
810;7;1;0,1644;13,5714;26,5871;23,6385;6;0;17;0;0;1,2;84,5;90,4;16,1;177,5;344,1726;987,1225;396,7459
811;7;0,7954;0,0607;13,8571;25,5273;24,8558;16;0;3;0;0;44,2;56,2;21,3;40,9;83,3;337,9252;818,7512;394,1982
812;7;0,7859;0,0284;13,6;25,2458;24,9683;17;1;1;1;0;37,8;63;8,5;120;26,2;352,5066;829,877;411,714
813;7;0,741;0,0675;13,9231;26,2639;18,9679;19;0;0;0;0;13,3;61,6;9,1;22,1;81;349,6986;858,8563;389,7144
814;7;0,8166;0,5345;13,3077;23,5548;23,9032;1;0;1;1;1;35,2;12,5;7;43,9;21,1;293,8374;706,0093;364,1483
815;7;0,7932;0,2808;13,3125;25,7753;21,8021;5;0;2;0;0;187,9;1;2,7;29,2;123,3;366,6449;932,7668;412,7771
816;7;1;0,2599;13,3571;24,4751;24,3828;4;0;0;0;0;0,1;56,5;46,5;42,9;114;330,0336;666,3107;420,0847
817;7;1;0,3963;13,1333;23,8417;24,3381;4;0;0;0;0;1,6;67,1;90,4;69,9;178,3;345,7969;574,5452;400,2408
818;7;1;0,6908;13,9333;25,5138;21,9826;22;0;0;0;0;7,2;55,8;2,9;11,2;82,3;408,9942;835,2205;357,7489
819;7;0,855;0,0896;13,4667;25,4397;24,9683;15;0;1;2;0;37,8;63;8,5;120;26,2;349,0218;789,2093;415,1938
820;7;0,8487;0,0649;13,8571;26,2802;18,9679;21;0;0;0;0;10,6;60,4;9,1;23,9;81;382,392;834,8533;350,3646
821;7;0,9276;0,6144;13,9375;28,3981;25,468;7;1;7;1;0;43,8;70;8,3;57,8;42,7;412,9614;896,2153;407,0765
822;7;0,6648;0,421;13,4667;26,1687;21,8021;5;0;2;0;0;180,6;1;2,7;29,2;123,3;356,7798;917,248;418,5328
823;7;1;0,7671;13,9333;25,7775;21,9826;22;0;0;0;0;5,5;55,9;2,9;23,6;82,3;402,9988;829,0346;360,0151
824;7;1;0,5122;14;24,316;21,6796;18;0;0;0;1;0;8,3;5,9;52,1;47,4;373,077;929,8098;415,6538
825;7;1;0,654;13,4615;20,1198;23,7044;1;0;17;0;5;1,2;46,9;4;16,4;25,2;304,6648;757,7467;303,8177
826;7;0,7493;0,2794;12,2353;24,9432;26,091;6;2;39;0;0;13;99,7;0;51,5;27,1;363,2753;885,5226;298,9915
827;7;0,9596;0,948;13,8462;25,9625;22,7713;14;0;0;0;0;29;87,2;8,3;47,8;34,2;325,5826;514,2672;371,1683
828;7;0,9138;0,7367;13,9231;26,2174;21,4626;14;0;0;0;0;26,4;113,8;5,9;74,8;45,9;355,8341;535,6213;344,5816
829;7;0,9225;0,4142;13,9333;24,8491;21,5119;12;0;0;0;0;37,3;100,3;2,9;53,8;82,8;355,4791;523,507;373,2887
830;7;0,2199;0,7617;14,4375;20,2939;22,4604;4;0;1;4;1;47,8;31,4;10,7;28;66,3;336,0514;667,4663;413,1911
831;7;0,9719;0,7912;13,5;22,4828;19,2021;17;0;0;0;0;35,9;73,3;0;12,5;47,9;363,2501;802,5736;432,9608
832;7;0,8707;0,949;13,4706;22,438;21,3588;15;0;0;0;0;50,9;18,2;0,8;20,2;48,2;393,7082;816,1387;412,2454
833;7;0,571;0,3869;13,7778;24,3564;20,3314;16;0;0;0;0;112,6;93,6;2;71,3;34,5;439,1586;802,3255;468,2495
834;7;1;0,3535;13,8667;23,6512;18,4308;8;0;7;0;2;10,5;85,3;17;26,7;118,3;396,958;818,4272;444,8531
835;7;0,8787;0,9496;13,5;22,8825;21,5645;13;0;0;0;0;38,1;22,2;0,8;21,4;48,2;375,1693;848,1434;425,9412
836;7;0,7404;0,2733;13,5385;28,186;20,8996;1;0;0;0;1;55,6;46,7;0;3,2;89,9;288,8381;738,3298;308,1823
837;7;0,3863;0,5343;13,6875;24,9308;20,5559;14;0;0;0;0;109;174,5;2;71,3;34,5;403,7;898,3271;465,0862
838;7;0,8951;0,5176;13,8667;26,1412;18,7804;7;0;10;0;2;29,5;66,1;17;2,8;142,2;385,294;843,151;430,6529
839;7;0,8815;0,1185;13,5385;21,4727;24,1528;0;0;0;0;0;19,7;76,5;33,9;55,1;28,5;281,0999;752,7254;312,2564
840;7;0,9854;0,8834;13,6667;24,837;21,5566;10;0;1;0;0;10,5;57,5;0,8;45;51,5;388,4072;907,3325;372,5219
841;7;1;0,9998;13;27,6204;26,2115;13;0;0;0;0;0;38,1;0;0,7;46,9;335,2036;769,8589;333,2243
842;7;0,7511;0,9987;13,7857;24,0616;19,5009;0;0;0;0;0;44,1;0;0,1;10,7;162,6;406,2535;986,954;393,1261
843;7;1;0,9111;13,8571;25,1296;23,251;11;0;0;0;0;5,7;14,9;3,1;32,1;54,1;383,1109;933,2993;371,8069
844;7;1;0,9973;13,9333;24,484;21,2069;30;0;0;0;0;6,2;0,9;0;30,1;78,6;434,2756;1048,8769;385,2259
845;7;1;0,8902;12,8;25,8275;27,6214;0;0;3;0;0;4,4;62,6;67,2;25,6;33,2;359,7491;680,8018;364,6163
846;7;1;1;12;27,2315;28,6704;5;0;0;0;0;3,9;10,6;0;2,6;1,6;311,1394;614,3821;334,5376
847;7;0,8409;0,014;13,2857;24,5223;20,237;0;0;0;0;0;8,4;31,2;0,5;112,9;91,5;369,0058;898,6936;430,8527
848;7;1;0,9646;13,9286;23,9921;20,487;3;0;0;0;0;9,4;0,8;0,1;43,4;107,3;405,9756;964,2546;387,4403
849;7;0,9557;0,4416;13;26,5447;19,7947;0;0;0;0;1;23,1;25,6;3,2;44,4;120,2;385,7987;945,5958;403,4437
850;7;1;0,9646;13,9286;23,9921;20,487;2;0;0;0;0;9,4;0,2;0,1;43,4;107,3;405,9756;619,3631;387,4403
851;7;0,9995;0,9845;14,1765;26,462;21,5342;0;0;0;5;0;12,4;119,8;57,6;7;52,7;330,8454;597,7966;443,727
852;7;0,9999;0,9825;14,0588;26,1334;21,5342;0;0;5;5;0;14,3;119,9;57,6;7;52,7;325,093;647,9464;431,4506
853;7;0,9999;0,9825;14,0588;26,1334;21,5342;0;0;5;5;0;14,3;119,9;57,6;7;52,7;325,093;647,9464;431,4506
854;7;0,9492;0,8851;12,9412;28,0094;18,9591;2;1;8;0;0;27,2;16;21,8;1,2;109,6;331,8998;711,9137;368,8276
855;7;0,9816;0,8827;12,9444;26,0727;18,3339;1;1;15;0;1;23,7;30,8;14,5;8,3;91,2;373,7848;712,1236;394,1528
856;7;0,8801;0,8975;13,625;20,6544;20,0994;0;0;0;0;1;21,2;54,5;20,4;20,6;105,3;387,2592;688,8748;386,4132
857;7;0,8249;0,1289;14,6667;24,0133;20,6072;0;0;1;0;0;46,8;39,5;9,7;41,2;168,2;442,2348;724,0907;330,9106
858;7;0,9582;0,6701;13,8;22,095;21,539;5;0;0;0;0;44,5;68,3;11,1;5,3;105,9;437,9;843,3828;442,2902
859;7;0,8711;0,6952;13,6;24,4159;21,372;5;0;0;0;0;54,3;50,8;11,1;8,2;97,7;416,3764;843,615;429,7849
860;7;0,6701;0,8974;13,125;20,4136;20,3123;0;0;4;0;0;42,3;37,8;20,4;10,1;117;367,317;825,3576;403,3901
861;7;0,6701;0,8974;13,125;20,4136;20,3123;0;0;4;0;0;42,3;37,8;20,4;10,1;117;367,317;825,3576;403,3901
862;7;0,9054;0,952;13,8125;21,4498;19,9191;0;0;2;0;1;34;52,5;66,6;37;154,1;390,3368;893,9808;360,806
863;7;0,8151;0,0622;13,3125;21,4771;22,3026;4;2;5;0;0;48,9;66,8;21,9;6,7;155,5;376,4243;863,8603;384,9448
864;7;0,6414;0,8985;12,9375;21,1846;20,3123;0;0;4;0;0;48,5;31,8;20,4;10,1;117;350,3635;821,079;400,9763
865;7;0,6414;0,8985;12,9375;21,1846;20,3123;0;0;4;0;0;48,5;31,8;20,4;10,1;117;350,3635;821,079;400,9763
866;7;0,7566;0,9829;13,625;21,9408;19,9191;0;0;2;0;1;34;52,5;66,6;37;154,1;375,1423;843,178;372,7516
867;7;0,8352;0,1191;13,125;22,0071;22,3026;4;1;5;1;0;46,7;67,5;21,9;6,7;155,5;379,0426;853,4873;379,6859
868;7;0,4987;0,451;13,9286;27,8198;23,9827;22;0;0;3;6;100;152;34,8;50,1;3;401,0083;865,1948;413,7448
869;7;1;1;13,9231;26,8464;18,9527;22;1;0;1;4;0;1,7;12,7;0,1;37,9;358,9265;887,3219;360,2974
870;7;0,6329;0,9598;12,8125;21,8224;20,3123;0;0;4;0;0;50,7;43,5;20,4;28,6;117;346,999;789,458;400,131
871;7;0,8445;0,2192;13;22,0401;22,3026;4;1;5;1;0;60,7;71,7;21,9;6,7;155,5;366,4458;838,1513;390,91
872;7;0,4461;0,9069;13,7857;25,791;19,6399;0;0;0;0;0;59,5;102;19,4;24,7;145,2;343,0112;756,1152;349,357
873;7;0,9394;0,9071;13,7143;25,5243;19,8828;15;0;0;0;0;21,4;83,6;23,9;19,3;259;332,4816;757,5642;377,478
874;7;0,9322;0,5769;13,8;26,7446;14,6656;9;0;0;0;0;26,2;249,8;27,9;7,7;214,4;353,4372;747,0234;383,422
875;7;0,5107;0,3414;13,9231;28,0052;23,9827;22;0;0;0;9;50,8;151,4;34,8;50,1;3;352,2712;899,374;388,4317
876;7;1;1;13,9167;26,8684;18,9527;23;1;0;1;4;0;1,7;12,7;0,1;37,9;325,2553;888,1038;397,5034
877;7;0,9467;0,6087;13;22,6808;19,2393;5;0;5;0;2;31;73,3;43,2;24;110,8;310,1872;841,8676;387,1634
878;7;0,3503;0,9707;13,7857;26,176;19,6399;0;0;0;0;0;39;73;19,4;25,1;145,2;335,7346;752,4803;326,0128
879;7;0,9414;0,9431;13,7692;26,3045;19,8828;15;0;0;0;0;20,8;84,4;23,9;19,3;259;327,9658;761,724;340,1086
880;7;0,9916;0,7129;13,6;26,4098;14,6656;6;0;0;0;0;12,1;249,9;27,9;35,2;214,4;356,1293;732,7523;371,6964
881;7;0,9991;0,8239;10,8889;23,8148;26,5191;0;1;21;0;0;4,8;116,9;23;42;0,4;306,8942;652,7614;328,4536
882;7;1;1;12;26,1966;28,5523;6;0;0;0;0;5,5;1,1;0;0;0;292,0918;690,8562;327,622
883;7;1;1;11,9167;26,499;28,4242;11;0;0;0;0;0,8;1,2;0;0;0,3;273,9647;666,8042;302,0688
884;7;0,9966;0,4713;13,9286;25,3293;21,1029;4;0;0;0;0;2,8;4,1;46,7;21,9;92,2;411,6244;956,5744;398,565
885;7;1;1;14;24,1769;20,3515;0;0;0;0;0;0;0;18,5;7,6;29,9;385,2122;966,6979;428,1088
886;7;0,9787;0,9892;13,4706;26,3932;23,0268;2;0;0;0;0;23;42,4;6,1;22,7;59,7;413,2422;976,1533;410,5181
887;7;1;0,7798;14;24,1745;21,3314;33;0;0;0;0;5;16,5;27,7;13,6;37,2;442,553;1020,5514;444,0042
888;7;0,887;0,3383;13,8571;27,5292;18,2256;14;0;0;0;0;33,7;141,9;7,8;16,9;168,3;345,1536;763,2043;351,9958
889;7;0,883;0,6512;13,7692;28,1863;20,4874;8;0;0;0;0;29,6;21,8;19,4;50,1;171,9;315,2783;471,7944;342,4468
890;7;0,5587;0,7476;13,8333;28,631;24,5633;14;0;0;0;0;75,7;19,9;30,5;66,5;154,3;297,5616;460,6636;332,1169
891;7;0,835;0,8529;13,8462;28,6099;24,435;12;0;0;0;0;54,5;11,7;82;58,5;99,7;318,7645;457,7846;327,973
892;7;1;0,9112;12,8667;27,4645;23,9437;15;0;0;0;0;1,2;1,1;27,6;81,2;16,9;415,5703;581,6426;394,8228
893;7;1;0,9552;12,8;28,343;24,2816;5;0;0;0;0;0;2,3;48,5;81,2;10,2;388,4782;573,1492;416,0218
894;7;0,8604;1;11;25,8092;27,7506;0;0;0;0;0;30,8;97,5;3;0,8;0,5;309,402;413,694;296,4722
895;7;0,5786;0,9949;11;25,6781;27,2807;0;1;0;0;0;64,5;46,6;0,1;0,4;6,7;315,05;423,3553;308,5578
896;8;0;0;13,2857;23,077;18,0554;0;3;16;7;1;101,3;78,6;0;90,9;117,7;374,9141;720,5519;454,6411
897;8;0;0;13,0455;20,7987;17,6207;0;11;44;8;6;106,4;195,2;129,5;27,6;323,4;387,5645;753,4609;399,1781
898;8;0;0;13,1429;22,4959;18,0554;0;4;18;4;4;79,5;79,2;0;111,5;117,7;366,2093;730,0526;438,6802
899;8;0;0;13,2857;22,8596;17,6011;0;5;9;6;2;125,7;93,5;2,4;68,2;203,4;422,5183;753,6017;444,4978
900;8;0;0;13,25;24,4905;19,3725;0;6;21;6;5;219,1;102,4;49,1;131,7;284,3;397,1574;781,7447;407,7767
901;8;0;0;13,7333;21,2575;20,6031;0;1;11;8;8;107,7;174,2;14;55,3;162,9;355,7221;773,4319;382,6973
902;8;0,2956;0;13,7333;21,6519;19,1949;1;1;10;8;5;23,8;68;25,1;93,2;190,8;348,6168;714,7987;467,3902
903;8;0;0;13,0952;23,4515;17,7712;0;9;21;9;3;107,1;155,5;5,7;134,3;291,1;411,0538;799,6561;437,4126
904;8;0;0;13,1905;23,3024;17,6011;0;5;13;5;3;113,5;93,5;2,4;68,2;203,4;417,8063;786,6814;421,9283
905;8;0;0;13,6;22,4148;20,2992;0;2;10;8;7;101,1;180,4;14;58,8;171,7;346,4381;821,6338;388,2409
906;8;0;0,0161;13,3529;24,193;17,7783;0;0;5;4;3;58,2;89;33,3;27,3;245,2;373,3798;738,6044;434,5452
907;8;0,4112;0;13,6875;22,1348;19,0833;1;1;9;9;5;35;56,8;25,1;77,4;209;353,1582;769,563;458,8996
908;8;0;0;13,1667;23,4297;18,5667;0;1;13;5;3;163,6;168,5;53,9;33,2;282,3;400,3661;830,2975;430,0362
909;8;0;0;13,6667;26,0379;19,4096;0;5;15;5;9;76,5;153,4;33,9;67,5;193,3;365,9785;765,9047;402,0818
910;8;0,0732;0,3967;13,3333;26,1392;20,0063;1;2;1;3;3;71,1;130,8;124,7;96,9;243,5;405,2272;706,8182;422,7145
911;8;0;0;13,0556;25,7982;18,1083;0;2;10;4;3;47,7;98,5;33,3;23,9;248,6;392,8662;758,1197;420,1733
912;8;0;0;13,5;24,9559;20,3785;0;5;24;3;11;107;130,9;33,9;83,6;226,2;363,8819;798,583;373,2102
913;8;0,5857;0;13,3846;20,0081;17,0138;0;6;1;6;0;18,8;76,1;2,3;156,2;155,7;384,8263;408,2782;384,1805
914;8;0;0;12,9565;25,1998;18,0137;0;8;11;6;7;158,1;31,5;41,2;43;343,4;416,7486;476,906;435,6043
915;8;0;0;13,1364;26,2551;16,5683;0;5;4;6;2;62,8;24,8;10,4;22;184,8;441,1825;456,5027;474,5873
916;8;0;0;12,7917;25,4595;18,0137;0;10;12;6;7;141,3;55,9;41,2;43;343,4;448,8646;434,5254;441,473
917;8;0;0;13,0435;26,2094;16,5683;0;5;4;4;4;66,1;20,4;10,4;22;184,8;452,4941;457,9495;447,097
918;8;0;0;13,0952;23,4515;17,7712;0;9;10;9;3;107,1;97;5,7;134,3;291,1;411,0538;522,7186;437,4126
919;8;0;0;12,913;26,4811;16,5683;0;7;2;4;4;46;72,1;10,4;22;184,8;458,6918;447,2424;451,7809
920;8;0,1248;0;13,75;20,0554;18,7713;0;3;5;5;4;37,9;54,5;29,1;73,8;173,5;388,1329;474,3374;450,6145
921;8;0;0;13,8571;22,5791;21,2626;0;0;4;7;0;58,4;38,8;12,2;30,4;26,3;306,5875;614,4214;440,7725
922;8;0;0;14,0667;22,1513;21,1696;0;0;5;9;0;38,4;43,7;20,8;50,1;54,5;330,8123;579,0971;434,6399
923;8;0;0;13,2941;23,4822;22,6226;0;1;33;7;3;98,2;144,3;11,6;32,1;95,7;340,0092;844,0812;414,864
924;8;0;0;13,4118;23,0537;23,1421;0;2;53;8;3;73,4;95,9;2,3;57,7;32,2;334,2539;886,9255;408,0204
925;8;0,0876;0;12,6667;13,3383;16,6424;0;10;29;10;4;29,4;46,2;22;11,3;26;391,5659;392,4328;437,6257
926;8;0,3015;0,0399;12,92;20,5226;20,7076;0;5;7;6;3;57,7;59,7;83,7;34,5;78,3;337,6876;391,9763;373,2214
927;8;0;0;13,4118;23,0537;23,1421;0;2;19;8;3;73,4;79,5;2,3;57,7;32,2;334,2539;536,8172;408,0204
928;8;0;0;13,3158;21,6252;21,9649;0;1;27;6;0;88,1;71,6;5,5;92,1;41,9;355,1396;613,8796;393,1279
929;8;0,3703;0;12,7895;20,4176;24,7906;3;5;14;1;0;19,7;87,2;18,9;109;74,4;411,3248;593,2069;422,8618
930;8;0,4599;0;14,0526;24,3983;19,9297;6;3;1;8;1;21,4;60,9;0,8;62;60;418,262;686,1586;473,2207
931;8;0,4137;0;14,6842;24,0858;17,2362;0;5;2;8;1;7,8;69,4;1,5;4,5;51,7;447,4476;757,6661;424,148
932;8;0,3221;0;14,5294;23,3473;18,9574;0;4;1;9;2;31,6;35;10,1;56,9;95,7;379,9462;742,1684;440,9158
933;8;0,7393;0;13,8125;21,7862;21,8795;10;5;0;9;1;14,2;46;14,6;156,6;74,7;401,495;699,395;451,4537
934;8;0,4504;0,0009;13,6471;19,815;19,1683;2;2;0;4;0;39,7;26,9;16;120,7;152,5;384,1873;708,0257;423,752
935;8;0,4018;0;14,5;21,9545;19,199;0;4;3;9;2;27;73,3;10,1;54,6;98,2;392,8788;810,2131;422,7966
936;8;0,8329;0,0267;13,8125;21,7433;21,5794;11;5;2;9;1;26,6;40;14,6;159,3;78,1;396,6574;790,974;475,434
937;8;0;0;13,75;20,8062;20,3;6;5;4;9;4;66,3;118,8;0,6;140;80,3;403,9895;793,9228;489,6839
938;8;0,5452;0;13,7059;19,6577;19,2368;2;1;1;5;0;32,9;33,3;16;85,6;190,8;391,3553;750,0208;413,1468
939;8;0;0;13,8125;20,3175;20,9116;6;4;9;6;8;47,1;113,4;0,6;101,7;139;406,1722;812,9938;468,4936
940;8;0,4721;0;13,8125;23,4195;21,5341;10;3;4;7;1;14,2;40,5;14,6;132,9;72,1;410,4929;721,2506;390,15
941;8;0,1757;0;13,7778;22,5617;19,1683;2;2;0;4;0;28,4;37,1;16;73,4;152,5;418,6267;642,7163;401,7233
942;8;0,2934;0;13,7647;21,2594;19,1683;2;2;0;4;0;28,4;38,6;16;120,5;152,5;385,1334;673,268;415,3414
943;8;0,5491;0;13,8;21,1322;18,4991;0;2;1;7;0;33,8;31,4;2,4;95,4;75,6;466,3015;388,6135;494,6976
944;8;0,3408;0;13,7647;22,8128;18,9881;2;2;0;4;0;28,4;29,1;15,3;129,2;140,3;385,1334;392,5555;423,0259
945;8;0,6614;0;13,6842;21,8875;18,4991;0;2;1;7;0;33,1;31,2;2,4;95,7;75,6;447,8972;443,3;495,95
946;8;0,2741;0;13,6471;23,2174;19,6021;0;0;1;8;1;32,9;31,2;0,6;95,8;75,5;397,5005;439,596;467,4316
947;8;0,4381;0,0002;13,6471;20,8182;18,9881;2;2;0;4;0;34,2;23,2;15,3;133,6;140,3;379,9019;421,0592;425,52
948;8;0,6519;0,0018;13,8125;21,9071;21,8003;7;4;0;9;1;28,3;27,6;2,2;111,2;94,7;392,0288;465,9653;448,5204
949;8;0,5745;0;12,6667;27,9548;21,9693;3;4;4;1;0;16,6;111,7;2,3;131,8;177,8;387,2887;564,9343;389,398
950;8;0,7277;0,0573;13,875;22,9856;18,9565;0;2;12;7;2;45,4;57,8;14,7;7,2;119,9;334,0076;688,3214;508,5234
951;8;0,1952;0,0163;13,0526;27,6983;18,1081;2;3;19;6;2;26,8;29,6;43,8;1,7;85,8;303,7043;662,8662;435,1514
952;8;0,3401;0;13,8667;26,271;18,0633;0;0;8;7;0;18,3;82,4;17,3;16,6;70,3;327,7174;628,5604;400,1872
953;8;0,6097;0,0922;13,8889;27,1191;21,6138;1;1;3;5;0;36,4;39,2;176,3;13,4;221,3;379,9876;684,2574;485,1144
954;8;0,4131;0;13,9048;23,6064;19,573;0;6;16;3;1;47,4;44,6;20,9;18,6;124,4;390,7742;681,9329;391,4122
955;8;0,7404;0,1207;13,6875;24,5971;18,9565;0;2;13;7;2;45,1;57,6;14,7;7,2;119,9;336,4175;680,4058;483,9412
956;8;0,5123;0;13,5882;23,3849;20,6675;0;1;15;9;0;18,5;131,6;35,6;46,3;97,5;323,9366;661,5151;452,2298
957;8;0,4573;0;13,8;26,9614;18,0633;0;0;12;6;1;7,3;90,8;17,3;16,6;70,3;304,5168;660,4708;352,4062
958;8;0,7196;0,0768;13,6111;25,3438;21,6138;1;2;2;6;0;13,2;37,7;176,3;17,1;221,3;346,5284;677,7389;512,3084
959;8;0;0;13,6667;26,0893;21,4904;0;3;8;4;1;47;36;88,7;35,2;96,3;383,6164;720,9241;434,9804
960;8;0,443;0,1576;13,4444;25,9068;23,6892;0;1;3;6;1;44,6;41,7;51,3;24,8;27,8;339,0883;674,6339;403,4444
961;8;0,7404;0,1207;13,6875;24,5971;18,9565;0;2;13;7;2;45,1;57,6;14,7;7,2;119,9;336,4175;680,4058;483,9412
962;8;0,5123;0;13,5882;23,3849;20,6675;0;1;15;9;0;18,5;131,6;35,6;46,3;97,5;323,9366;661,5151;452,2298
963;8;0,4573;0;13,8;26,9614;18,0633;0;0;12;6;1;7,3;90,8;17,3;16,6;70,3;304,5168;660,4708;352,4062
964;8;0,7196;0,0768;13,6111;25,3438;21,6138;1;2;2;6;0;13,2;37,7;176,3;17,1;221,3;346,5284;677,7389;512,3084
965;8;0;0;13,6667;26,0893;21,4904;0;3;8;4;1;47;36;88,7;35,2;96,3;383,6164;720,9241;434,9804
966;8;0,443;0,1576;13,4444;25,9068;23,6892;0;1;3;6;1;44,6;41,7;51,3;24,8;27,8;339,0883;674,6339;403,4444
967;8;0,6388;0;14;22,1302;19,6057;5;8;4;1;5;24,4;120,4;13,6;121,9;115,1;421,8523;679,9525;361,1984
968;8;0,1682;0;13,625;21,6127;17,7387;0;4;7;3;1;27,9;83,3;21,2;56,7;153,8;321,2003;697,648;413,3023
969;8;0,8483;0,1213;13,5;25,1613;21,6138;1;2;2;6;0;21,2;27,4;176,3;19,3;221,3;355,8812;677,7187;497,1546
970;8;0,1733;0,0069;13,6429;25,6643;21,2212;0;2;19;8;2;60,7;116,6;35,5;11,8;149,9;333,4684;810,8413;425,4181
971;8;0,2447;0;13,625;21,096;19,043;0;4;2;3;1;23,9;81,7;48,9;31,7;155,5;314,1655;634,4424;424,9105
972;8;0,3336;0;13,5333;23,2232;19,043;0;2;5;5;1;25,3;80,6;48,9;31,7;155,5;293,1577;654,9217;435,6043
973;8;0,4928;0;13,625;24,1896;19,043;0;0;11;7;1;25,2;85,1;48,9;31,7;155,5;322,4207;666,5152;406,6348
974;8;0,7485;0,0098;14;21,5856;19,8227;5;8;4;0;6;25,3;119,5;13,6;145,8;115,1;404,8193;751,7372;354,1298
975;8;0;0;13,2381;27,1872;21,0411;0;6;14;9;1;79,8;70,2;99,4;15,2;104;354,1388;485,4686;421,0362
976;8;0,0257;0;13,3158;26,4546;21,41;0;3;9;6;1;119;43,2;58,8;8,9;131,9;347,7733;444,8498;464,3921
977;8;0,3591;0;13,2222;23,611;18,2624;0;0;2;5;0;37,4;69,8;15,9;52;120,4;311,827;407,1402;444,1295
978;8;0,1912;0;13,5;22,6921;20,2743;0;4;5;6;2;18,8;64;24,6;73,7;78,9;306,6908;371,052;461,848
979;8;0;0;13,2381;25,2703;21,0411;0;6;19;8;2;75,9;59,8;99,4;38,2;104;367,087;532,7759;411,3875
980;8;0,0212;0,0021;13,25;26,1691;21,41;0;5;10;6;1;117,8;39,8;58,8;9,2;131,9;357,1999;451,7759;441,2009
981;8;0,1733;0;14;23,6924;17,9211;0;3;2;12;2;46,7;64,2;14,7;171,1;113,3;384,597;364,5317;456,7255
982;8;0,4272;0;13,2778;23,3015;18,2624;0;0;5;5;0;29,2;77,4;15,9;80,7;120,4;324,715;456,764;424,8079
983;8;0,2901;0;13,4706;23,2162;20,2743;0;4;3;8;2;21,6;62,3;24,6;73,7;78,9;327,7804;385,8793;468,3341
984;8;0,0117;0;13,2381;25,4471;21,41;0;5;12;3;4;105,4;38,3;58,8;15,7;131,9;390,8502;473,4364;369,7765
985;8;0,5905;0,0029;13,5625;23,7628;19,5743;0;0;2;7;0;25,8;77,5;30,2;31,1;153,7;321,7738;404,0417;412,1968
986;8;0,3984;0;13,5333;23,2232;19,043;0;2;2;5;1;25,3;78,6;48,9;31,7;155,5;293,1577;393,3731;435,6043
987;8;0;0;13,4;27,2648;21,0411;0;4;15;10;0;81,7;74,7;99,4;15,2;104;355,5932;518,1152;465,1456
